Organization,Followed On
Dragonfly Aerospace,Mon May 18 18:06:54 UTC 2026
AIRBORNE DRONES (PTY) LTD,Mon May 18 18:06:53 UTC 2026
NewSpace Systems,Mon May 18 18:06:51 UTC 2026
Nextech,Mon May 18 18:06:33 UTC 2026
Startup Networks,Sat May 16 19:47:15 UTC 2026
Innovate Durban,Fri May 15 20:37:29 UTC 2026
innobiz DUT Centre for Entrepreneurship and Innovation,Wed May 06 16:03:50 UTC 2026
Agritistics,Wed May 06 16:01:00 UTC 2026
Cavalier Group,Wed May 06 16:00:55 UTC 2026
Durban University of Technology,Tue May 05 07:06:15 UTC 2026
Darkies in Tech,Wed Apr 29 07:30:27 UTC 2026
Veldtschoen Waste Management Solutions,Tue Apr 28 19:05:11 UTC 2026
The Lekker Network,Mon Apr 27 10:23:25 UTC 2026
Africa Drone Kings,Thu Apr 23 05:27:48 UTC 2026
CORTAC Security,Thu Apr 23 05:27:45 UTC 2026
sproot,Sun Apr 19 08:02:10 UTC 2026
Ubuntu Hemp | Climate Tech & Sustainable Materials Research Platform | OSF-Registered Research,Sun Apr 12 11:30:11 UTC 2026
MassChallenge,Sun Apr 12 06:52:47 UTC 2026
Agribusiness Development Agency,Sat Apr 04 17:24:19 UTC 2026
Entrepreneurs Catalyst Hub,Sat Apr 04 17:24:18 UTC 2026
University of the Free State,Wed Apr 01 16:44:26 UTC 2026
Kgodiso Development Fund,Fri Mar 27 19:50:32 UTC 2026
SDG7 Youth Constituency,Fri Mar 27 19:47:00 UTC 2026
Deutsche Gesellschaft für Internationale Zusammenarbeit (GIZ) GmbH,Fri Mar 27 11:14:22 UTC 2026
GIZ African Union,Fri Mar 27 11:14:19 UTC 2026
GreenCape,Fri Mar 27 11:14:17 UTC 2026
GIZ Climate Cluster South Africa,Fri Mar 27 11:14:11 UTC 2026
HORTGRO,Fri Mar 27 11:14:09 UTC 2026
Allan Gray Makers,Fri Mar 27 11:14:03 UTC 2026
Missing Link,Fri Mar 27 07:49:17 UTC 2026
National Empowerment Fund,Thu Mar 26 16:12:11 UTC 2026
Technology Innovation Agency,Thu Mar 26 16:12:08 UTC 2026
"GIZ South Africa, Lesotho & eSwatini",Thu Mar 26 16:12:04 UTC 2026
Ventures 54,Mon Mar 23 19:26:25 UTC 2026
Digital for Development (D4D) Hub,Mon Mar 23 13:49:09 UTC 2026
AgriVentures,Sun Mar 22 18:42:12 UTC 2026
The Match Exchange,Sun Mar 22 07:02:13 UTC 2026
Challenger Accelerator,Thu Mar 05 18:40:12 UTC 2026
De Beers Group,Tue Mar 03 21:09:59 UTC 2026
SAB Foundation,Sun Mar 01 18:57:16 UTC 2026
Tech 4 Good AFRICA,Sat Feb 28 11:04:21 UTC 2026
Lilly Loompa Upcycled Gifting,Tue Feb 24 16:20:03 UTC 2026
Mindofafox,Sun Feb 22 21:56:21 UTC 2026
Youth for change Network,Sat Feb 21 18:31:17 UTC 2026
Aetos Dairy,Sat Feb 21 18:30:17 UTC 2026
Triga Ventures,Wed Feb 18 00:32:16 UTC 2026
Hollywoodbets,Sat Feb 14 16:12:30 UTC 2026
Social Employment Fund,Sat Feb 14 07:24:40 UTC 2026
SWEAT Africa,Sat Feb 14 06:54:43 UTC 2026
Suits & Sneakers,Tue Feb 10 19:04:48 UTC 2026
KAL Group Limited,Mon Feb 09 22:41:47 UTC 2026
Google DeepMind,Thu Jan 29 21:18:20 UTC 2026
The Siyazisiza Trust,Sun Jan 25 16:11:42 UTC 2026
22 ON SLOANE,Thu Jan 22 21:19:37 UTC 2026
Global Agribusiness Professionals Institute,Tue Jan 20 18:44:33 UTC 2026
The Innovation Bridge Portal,Tue Jan 13 20:52:17 UTC 2026
National Department of Agriculture,Fri Jan 09 19:29:29 UTC 2026
SA-Transformation Fund,Tue Jan 06 23:01:11 UTC 2026
The Rockefeller Foundation,Tue Jan 06 20:57:08 UTC 2026
iLiftUp,Thu Jan 01 15:27:15 UTC 2026
Afrifood Technologies,Thu Dec 25 01:42:35 UTC 2025
Irish Aid,Sun Dec 21 21:21:50 UTC 2025
"Zip, a puzzle by LinkedIn",Wed Dec 17 12:44:36 UTC 2025
Entrepreneurs' Organisation Durban,Mon Dec 15 15:54:58 UTC 2025
Business Ireland South Africa,Mon Dec 15 15:31:50 UTC 2025
Embassy of Ireland in South Africa,Mon Dec 15 12:20:49 UTC 2025
FNB South Africa,Mon Dec 15 11:25:46 UTC 2025
Small Foundation,Fri Dec 12 17:56:28 UTC 2025
Dogpatch Labs,Wed Dec 10 17:48:15 UTC 2025
GrowthAfrica,Wed Dec 10 17:47:02 UTC 2025
mLab Southern Africa,Wed Dec 10 14:57:54 UTC 2025
Moleskine Foundation,Wed Nov 26 15:30:56 UTC 2025
Henüz 40+,Mon Nov 24 20:54:40 UTC 2025
Anglo American Foundation,Mon Nov 24 20:53:12 UTC 2025
PepsiCo,Fri Apr 17 19:39:07 UTC 2026
Premier FMCG (Pty) Ltd,Mon Nov 24 14:32:40 UTC 2025
RAINBOW,Mon Nov 24 14:32:32 UTC 2025
Sappi,Mon Nov 24 14:32:30 UTC 2025
PepsiCo South Africa,Mon Nov 24 14:32:17 UTC 2025
VERA,Sun Nov 16 09:47:17 UTC 2025
Mr Price Foundation,Mon Nov 10 18:09:24 UTC 2025
Irish Tech Challenge South Africa,Thu Nov 06 08:31:18 UTC 2025
Opportunity Desk,Mon Nov 03 13:48:24 UTC 2025
Africa Tech Festival,Wed Oct 29 17:50:54 UTC 2025
Consortium of Agricultural Economists and Business Agenda (CAEBA),Tue Oct 28 20:10:37 UTC 2025
MOSES KOTANE RESEARCH INSTITUTE,Tue Oct 28 12:53:49 UTC 2025
Agri Technovation Global,Tue Sep 30 14:28:59 UTC 2025
GRAIN SA/GRAAN SA,Tue Sep 30 14:26:24 UTC 2025
Sakata Seed Southern Africa,Tue Sep 30 14:26:17 UTC 2025
SA Canegrowers Association,Tue Sep 30 14:24:35 UTC 2025
Agricultural Development Agency-AGDA,Tue Sep 30 14:23:09 UTC 2025
Badger Analytics,Mon Sep 22 12:25:47 UTC 2025
Kagiso Trust (KT),Sun Sep 21 06:54:14 UTC 2025
UMGIBE FARMING ORGANICS AND TRAINING INSTITUTE,Wed Jun 11 23:47:20 UTC 2025
FURTHER,Mon Jun 09 16:06:39 UTC 2025
Agri-Expo,Thu May 29 17:00:10 UTC 2025
Olivetti Direct,Mon May 19 20:00:07 UTC 2025
African Agri Council NPC,Wed May 07 21:39:01 UTC 2025
KARAN BEEF,Wed Mar 05 06:23:15 UTC 2025
The Lewa Wildlife Conservancy,Wed Jan 22 19:57:20 UTC 2025
SOUTH AFRICAN BIOPRODUCTS ORGANISATION (SABO),Wed Jan 22 19:57:18 UTC 2025
African Nature Based Tourism Platform,Wed Jan 22 19:57:13 UTC 2025
The Hustle,Mon Sep 30 15:05:29 UTC 2024
Kynoch Fertilizer (Pty) Ltd,Tue Sep 10 11:02:21 UTC 2024
South African Council for Natural Scientific Professions (SACNASP),Tue Sep 10 11:02:19 UTC 2024
ARISE HOPE,Tue Sep 10 11:01:45 UTC 2024
Mubindu Agro Advisors.,Wed Sep 04 09:29:41 UTC 2024
SADC_WaterNet,Mon Aug 19 23:55:29 UTC 2024
GWK,Mon Aug 19 23:55:24 UTC 2024
World Economic Forum,Mon Aug 19 23:55:17 UTC 2024
Mayfly Agri (Pty) Ltd,Mon Aug 19 23:55:15 UTC 2024
Westfalia Fruit,Mon Aug 19 23:55:06 UTC 2024
Potatoes South Africa,Mon Aug 19 23:54:53 UTC 2024
Lima Rural Development Foundation,Mon Aug 19 23:54:40 UTC 2024
RecruitAgri,Mon Aug 19 23:54:21 UTC 2024
South African Sugarcane Research Institute (SASRI),Mon Aug 19 23:54:14 UTC 2024
Farm Manager SA,Mon Aug 19 23:54:10 UTC 2024
Premier Agric,Mon Aug 19 23:53:59 UTC 2024
SA Urban Food & Farming Trust,Mon Jul 08 20:23:41 UTC 2024
Borderless Access,Fri Jun 28 11:17:01 UTC 2024
Land and Agricultural Development Bank of South Africa,Tue Jun 04 21:16:01 UTC 2024
Bloomberg News,Fri May 31 10:08:33 UTC 2024
Grow4Max LED Grow Lights,Sat Nov 25 02:02:27 UTC 2023
Tractors PK,Sat Nov 25 02:02:13 UTC 2023
"Shenzhen Grow4max Technology Co., Ltd",Sat Nov 25 02:01:56 UTC 2023
Calendly,Mon Apr 10 08:58:05 UTC 2023
Fetola,Fri Dec 02 17:42:02 UTC 2022
AFGRI,Tue Nov 29 09:54:04 UTC 2022
AgriBusiness Corner (Pty) Ltd,Sat Jun 18 06:16:37 UTC 2022
International Fresh Produce Association,Wed Dec 01 21:59:57 UTC 2021
Deloitte,Mon Jul 26 16:08:15 UTC 2021
"Shenzhen Sankeshu Electronic Technology Co., Ltd (3TreeLED)",Tue Jun 22 20:12:06 UTC 2021
Imfuyo Technologies,Sat May 22 06:19:10 UTC 2021
Food For Mzansi,Tue Apr 06 12:00:49 UTC 2021
Food Focus SA,Tue Apr 06 12:00:32 UTC 2021
Produce Marketing Association,Tue Apr 06 11:58:13 UTC 2021
IFPA Southern Africa,Tue Apr 06 11:06:08 UTC 2021
The Food Story - South Africa,Tue Apr 06 10:48:31 UTC 2021
ADAMA SA,Tue Apr 06 10:44:11 UTC 2021
Epson South Africa,Tue Apr 06 06:18:13 UTC 2021
InspiraFarms Cooling,Mon Mar 22 21:06:20 UTC 2021
Unquie Design Finishes,Fri Mar 19 16:24:11 UTC 2021
Digital Doodle Marketing,Fri Mar 19 16:24:09 UTC 2021
French South African Tech Labs,Thu Mar 18 13:13:37 UTC 2021
Agribusiness & Innovation Platform of ICRISAT,Wed Mar 10 20:14:24 UTC 2021
Vertical Organic Farming,Tue Mar 09 00:54:11 UTC 2021
Farm2ForkZA,Sun Mar 07 14:50:49 UTC 2021
Leadr,Sat Mar 06 07:18:46 UTC 2021
NewTimeMarketing,Thu Feb 25 14:32:50 UTC 2021
Forge,Thu Feb 18 20:18:47 UTC 2021
Animally Haven,Thu Feb 18 20:18:45 UTC 2021
Natural Route Agri-Tech,Mon Feb 15 19:32:48 UTC 2021
AECI Plant Health,Thu Oct 29 20:15:07 UTC 2020
World Agri-Tech,Mon Jun 15 04:23:17 UTC 2020
EzyAgric,Wed Apr 29 14:39:46 UTC 2020
KHULA!,Tue Apr 07 17:05:32 UTC 2020
Sunshine Nut Company,Wed Feb 19 01:08:45 UTC 2020
AgFunder,Fri Jan 17 05:27:26 UTC 2020
Future Farming,Fri Jan 17 05:27:18 UTC 2020
Agritecture,Fri Jan 17 05:27:18 UTC 2020
Global Agribusiness Action on Equitable Livelihoods,Fri Jan 17 05:26:45 UTC 2020
Omnia Holdings,Fri Jan 17 05:26:26 UTC 2020
AgTag- Agricultural Magazine App,Fri Jan 17 05:26:01 UTC 2020
Council for Scientific and Industrial Research (CSIR),Fri Jan 17 05:25:49 UTC 2020
Agricultura Inteligente,Fri Jan 17 05:25:44 UTC 2020
RCL FOODS,Fri Jan 17 05:25:25 UTC 2020
Tiger Brands,Fri Jan 17 05:25:23 UTC 2020
Cv People Africa,Fri Jan 17 05:25:11 UTC 2020
Kelly,Fri Jan 17 05:24:51 UTC 2020
South African Revenue Service (SARS),Fri Jan 17 05:24:23 UTC 2020
Nulandis Agriculture,Fri Jan 17 05:24:06 UTC 2020
Global Farmer Network,Fri Jan 17 05:23:59 UTC 2020
Forum for Agricultural Research in Africa - FARA,Fri Jan 17 05:23:45 UTC 2020
Agri Technovation South Africa,Fri Jan 17 05:23:33 UTC 2020
Agricultural Appointments,Fri Jan 17 05:23:22 UTC 2020
AFGRI Technology Services,Fri Jan 17 05:23:17 UTC 2020
Pannar Seed,Fri Jan 17 05:23:07 UTC 2020
AgriSTAFF,Fri Jan 17 05:22:56 UTC 2020
Salesforce,Fri Jan 17 05:22:05 UTC 2020
FRUIT LOGISTICA,Thu Jan 16 19:33:53 UTC 2020
Agricultural and Farming Jobs,Thu Nov 21 06:00:23 UTC 2019
Agrinet,Thu Nov 21 06:00:21 UTC 2019
Farmer's Weekly,Thu Nov 21 06:00:16 UTC 2019
Agricultural Recruitment Specialists®,Thu Nov 21 06:00:14 UTC 2019
Icumsa 45 Sugar Exporter in Brazil | Brazilian Sugar Supplier,Tue Jun 11 09:51:26 UTC 2019
Starke Ayres (Pty) Ltd.,Fri Feb 22 22:25:12 UTC 2019
TWK Agri,Fri Feb 22 22:25:11 UTC 2019
Animal Feed Manufacturers Association (AFMA),Fri Feb 22 22:24:38 UTC 2019
Agricultural Research Council,Fri Feb 22 22:24:36 UTC 2019
AgHires,Fri Feb 22 22:24:35 UTC 2019
TEDx,Tue Jan 22 23:16:19 UTC 2019
TED Conferences,Tue Jan 22 23:15:48 UTC 2019
TED Talks,Tue Jan 22 23:15:27 UTC 2019
Linebooker South Africa,Sun Jan 20 20:47:32 UTC 2019
The ROSE Foundation,Thu Nov 08 18:55:30 UTC 2018
Green Terrace (Pty) Ltd,Wed Nov 07 09:02:56 UTC 2018
Cheddar,Mon Nov 05 13:02:56 UTC 2018
African Development Bank Group,Sat Oct 20 12:25:49 UTC 2018
Fluid Automated Management Solution,Mon Oct 08 10:11:28 UTC 2018