HashTag,CreatedTime,LastModifiedTime,State
verticalfarming,2020-01-17 05:26:30,2020-01-17 05:26:30,Follow
agtech,2020-01-17 05:26:08,2020-01-17 05:26:08,Follow
agritech,2020-01-17 05:26:06,2020-01-17 05:26:06,Follow
entrepreneur,2020-01-17 05:25:57,2020-01-17 05:25:57,Follow
greentech,2018-10-15 06:25:18,2018-10-15 06:25:18,Follow
naturalworld,2018-10-15 06:25:16,2018-10-15 06:25:16,Follow
botany,2018-10-15 06:25:11,2018-10-15 06:25:11,Follow
feminism,2018-10-15 06:25:08,2018-10-15 06:25:08,Follow
agilesoftwaredevelopment,2018-10-15 06:25:07,2018-10-15 06:25:07,Follow
businessacumen,2018-10-15 06:25:02,2018-10-15 06:25:02,Follow
educationpolicy,2018-10-15 06:25:01,2018-10-15 06:25:01,Follow
businessandmanagement,2018-10-15 06:24:59,2018-10-15 06:24:59,Follow
medicine,2018-10-15 06:24:55,2018-10-15 06:24:55,Follow
internationalrelations,2018-10-15 06:24:54,2018-10-15 06:24:54,Follow
scienceandtechnology,2018-10-15 06:24:54,2018-10-15 06:24:54,Follow
womenownedbusiness,2018-10-15 06:24:51,2018-10-15 06:24:51,Follow
programmaticmarketing,2018-10-15 06:24:50,2018-10-15 06:24:50,Follow
mobilephones,2018-10-15 06:24:46,2018-10-15 06:24:46,Follow
philanthropy,2018-10-15 06:24:43,2018-10-15 06:24:43,Follow
warehouses,2018-10-15 06:24:40,2018-10-15 06:24:40,Follow
executivesandmanagement,2018-10-15 06:24:39,2018-10-15 06:24:39,Follow
leadershipdevelopment,2018-10-15 06:24:36,2018-10-15 06:24:36,Follow
southamerica,2018-10-15 06:24:34,2018-10-15 06:24:34,Follow
precisionagriculture,2018-10-15 06:24:32,2018-10-15 06:24:32,Follow
organicfarming,2018-10-15 06:24:31,2018-10-15 06:24:31,Follow
southafrica,2018-10-15 06:24:29,2018-10-15 06:24:29,Follow
positivepsychology,2018-10-15 06:24:25,2018-10-15 06:24:25,Follow
endangeredspecies,2018-10-15 06:24:23,2018-10-15 06:24:23,Follow
biotechnology,2018-10-15 06:24:21,2018-10-15 06:24:21,Follow
universities,2018-10-15 06:24:20,2018-10-15 06:24:20,Follow
hiringandpromotion,2018-10-15 06:24:18,2018-10-15 06:24:18,Follow
informationtechnology,2018-10-15 06:24:13,2018-10-15 06:24:13,Follow
urbanization,2018-10-15 06:24:12,2018-10-15 06:24:12,Follow
politicsandlaw,2018-10-15 06:24:10,2018-10-15 06:24:10,Follow
datamining,2018-10-15 06:24:07,2018-10-15 06:24:07,Follow
advertisingandmarketing,2018-10-15 06:24:06,2018-10-15 06:24:06,Follow
educationreform,2018-10-15 06:24:04,2018-10-15 06:24:04,Follow
newspapers,2018-10-15 06:23:54,2018-10-15 06:23:54,Follow
careers,2018-10-15 06:23:53,2018-10-15 06:23:53,Follow
financialservices,2018-10-15 06:23:52,2018-10-15 06:23:52,Follow
publichealth,2018-10-15 06:23:50,2018-10-15 06:23:50,Follow
india,2018-10-15 06:23:48,2018-10-15 06:23:49,Unfollow
