Date,Link
2026-04-13 15:34:47,https://www.linkedin.com/feed/update/urn%3Ali%3Aactivity%3A7449480214663004161
2026-03-25 13:13:58,https://www.linkedin.com/feed/update/urn%3Ali%3Aactivity%3A7442559406871035905
2026-03-17 22:05:32,https://www.linkedin.com/feed/update/urn%3Ali%3Aactivity%3A7439794075727224832
2026-03-17 14:12:16,https://www.linkedin.com/feed/update/urn%3Ali%3Aactivity%3A7439674974023499777
2026-02-24 16:18:34,https://www.linkedin.com/feed/update/urn%3Ali%3Aactivity%3A7432096615672422401
2026-02-09 13:00:24,https://www.linkedin.com/feed/update/urn%3Ali%3Aactivity%3A7426610924548931584
2026-02-05 09:11:55,https://www.linkedin.com/feed/update/urn%3Ali%3Aactivity%3A7425103875990536192
2026-02-03 17:09:45,https://www.linkedin.com/feed/update/urn%3Ali%3Aactivity%3A7424499349935558656
2026-01-30 05:33:24,https://www.linkedin.com/feed/update/urn%3Ali%3Aactivity%3A7422874554374455296
2026-01-29 11:24:56,https://www.linkedin.com/feed/update/urn%3Ali%3Aactivity%3A7422600635390300160
2026-01-23 12:35:08,https://www.linkedin.com/feed/update/urn%3Ali%3Aactivity%3A7420443973191745536
2026-01-12 14:29:52,https://www.linkedin.com/feed/update/urn%3Ali%3Aactivity%3A7416486579109617665
2025-12-30 13:22:14,https://www.linkedin.com/feed/update/urn%3Ali%3Aactivity%3A7411758516417232897
2025-11-26 21:24:15,https://www.linkedin.com/feed/update/urn%3Ali%3Aactivity%3A7399558632398454784
2025-11-24 14:28:19,https://www.linkedin.com/feed/update/urn%3Ali%3Aactivity%3A7398729184019222531
2025-11-24 14:20:10,https://www.linkedin.com/feed/update/urn%3Ali%3Aactivity%3A7398727135135338496
2025-11-16 09:44:42,https://www.linkedin.com/feed/update/urn%3Ali%3Aactivity%3A7395758707185270784
2025-11-06 08:31:41,https://www.linkedin.com/feed/update/urn%3Ali%3Aactivity%3A7392116452843126784
2025-10-28 09:56:14,https://www.linkedin.com/feed/update/urn%3Ali%3Aactivity%3A7388876242264961024
2025-10-24 09:15:57,https://www.linkedin.com/feed/update/urn%3Ali%3Aactivity%3A7387416553664872449
2025-10-06 10:50:04,https://www.linkedin.com/feed/update/urn%3Ali%3Aactivity%3A7380917253644476417
2025-09-22 12:28:17,https://www.linkedin.com/feed/update/urn%3Ali%3Aactivity%3A7375868542992322560
2025-09-22 12:28:11,https://www.linkedin.com/feed/update/urn%3Ali%3Aactivity%3A7375868517847302144
2025-09-22 12:27:51,https://www.linkedin.com/feed/update/urn%3Ali%3Aactivity%3A7375868432631709697
2025-09-22 12:27:46,https://www.linkedin.com/feed/update/urn%3Ali%3Aactivity%3A7375868414122176512
2025-09-22 12:27:43,https://www.linkedin.com/feed/update/urn%3Ali%3Aactivity%3A7375868398980726784
2025-09-22 12:27:39,https://www.linkedin.com/feed/update/urn%3Ali%3Aactivity%3A7375868384451760128
2025-09-22 12:27:36,https://www.linkedin.com/feed/update/urn%3Ali%3Aactivity%3A7375868368693760002
2025-09-22 12:27:25,https://www.linkedin.com/feed/update/urn%3Ali%3Aactivity%3A7375868325353930752
