Action,Date,Ad Title/Id,Page/App
Impression,2025/11/23,841562903,Cryptogram Letters and Numbers
Impression,2025/11/23,918968943,"Truecaller: Caller ID, Blocker"
Impression,2025/11/23,933921023,Cryptogram Letters and Numbers
Impression,2025/11/23,941953103,Cryptogram Letters and Numbers
Impression,2025/11/23,969472853,Cryptogram Letters and Numbers
Impression,2025/11/24,681017164,msn.com
Impression,2025/11/24,681027064,"Truecaller: Caller ID, Blocker"
Impression,2025/11/24,687024123,"Truecaller: Caller ID, Blocker"
Impression,2025/11/24,719293283,msn.com
Impression,2025/11/24,746677423,msn.com
Impression,2025/11/24,815222443,msn.com
Impression,2025/11/24,826707984,msn.com
Impression,2025/11/24,863813743,msn.com
Impression,2025/11/24,869874814,"Truecaller: Caller ID, Blocker"
Impression,2025/11/24,906516864,msn.com
Impression,2025/11/24,913482144,msn.com
Impression,2025/11/24,914653913,msn.com
Impression,2025/11/24,914702643,msn.com
Impression,2025/11/24,915453303,msn.com
Impression,2025/11/24,916086463,msn.com
Impression,2025/11/24,918517083,msn.com
Impression,2025/11/24,918588463,msn.com
Impression,2025/11/24,918720513,msn.com
Impression,2025/11/24,919094213,msn.com
Impression,2025/11/24,925087413,msn.com
Impression,2025/11/24,941952983,planetrugby.com
Impression,2025/11/24,949286356,msn.com
Impression,2025/11/24,967495176,msn.com
Impression,2025/11/24,969266093,msn.com
Impression,2025/11/24,969423773,msn.com
Impression,2025/11/24,969453003,msn.com
Impression,2025/11/25,915756523,"Truecaller: Caller ID, Blocker"
Impression,2025/11/25,915943263,"Truecaller: Caller ID, Blocker"
Impression,2025/11/25,924491583,"Truecaller: Caller ID, Blocker"
Impression,2025/11/25,924912473,"Truecaller: Caller ID, Blocker"
Impression,2025/11/25,970146823,"Truecaller: Caller ID, Blocker"
Impression,2025/11/26,733550174,"Truecaller: Caller ID, Blocker"
Impression,2025/11/26,860750513,"Truecaller: Caller ID, Blocker"
Impression,2025/11/26,915835563,"Truecaller: Caller ID, Blocker"
Impression,2025/11/26,915835603,"Truecaller: Caller ID, Blocker"
Impression,2025/11/26,933811033,walesonline.co.uk
Impression,2025/11/26,933965173,walesonline.co.uk
Impression,2025/11/26,970059053,walesonline.co.uk
Impression,2025/11/26,974486456,"Truecaller: Caller ID, Blocker"
Impression,2025/11/27,722044594,"Truecaller: Caller ID, Blocker"
Impression,2025/11/27,870874316,"Truecaller: Caller ID, Blocker"
Impression,2025/11/27,926965554,"Truecaller: Caller ID, Blocker"
Impression,2025/11/27,970146823,"Truecaller: Caller ID, Blocker"
Impression,2025/11/28,970932743,"Truecaller: Caller ID, Blocker"
Impression,2025/11/28,974486456,"Truecaller: Caller ID, Blocker"
Impression,2025/12/01,906356094,"Truecaller: Caller ID, Blocker"
Impression,2025/12/02,926453264,"Truecaller: Caller ID, Blocker"
Impression,2025/12/02,971121083,"Truecaller: Caller ID, Blocker"
Impression,2025/12/03,681037444,walesonline.co.uk
Impression,2025/12/03,882663743,msn.com
Impression,2025/12/03,882714293,msn.com
Impression,2025/12/03,883968626,"Truecaller: Caller ID, Blocker"
Impression,2025/12/03,886364354,msn.com
Impression,2025/12/03,934659764,msn.com
Impression,2025/12/03,934808424,msn.com
Impression,2025/12/03,942015833,msn.com
Impression,2025/12/03,956591976,msn.com
Impression,2025/12/03,970708063,msn.com
Impression,2025/12/03,970745753,msn.com
Impression,2025/12/03,971359113,msn.com
Impression,2025/12/03,978131366,msn.com
Impression,2025/12/04,934750684,planetrugby.com
Impression,2025/12/05,867161163,Blis Media XAPI
Impression,2025/12/05,934721094,Blis Media XAPI
Impression,2025/12/05,956591976,Blis Media XAPI
Impression,2025/12/05,971527773,Blis Media XAPI
Impression,2025/12/05,971666683,Blis Media XAPI
Impression,2025/12/06,867161163,Blis Media XAPI
Impression,2025/12/06,867161163,"Truecaller: Caller ID, Blocker"
Impression,2025/12/06,971359113,Blis Media XAPI
Impression,2025/12/07,687024123,Blis Media XAPI
Impression,2025/12/07,687024123,Cryptogram Letters and Numbers
Impression,2025/12/07,717026813,Cryptogram Letters and Numbers
Impression,2025/12/07,722044594,Cryptogram Letters and Numbers
Impression,2025/12/07,766516454,Blis Media XAPI
Impression,2025/12/07,797085076,Cryptogram Letters and Numbers
Impression,2025/12/07,797122316,Cryptogram Letters and Numbers
Impression,2025/12/07,858324056,Cryptogram Letters and Numbers
Impression,2025/12/07,883968626,Cryptogram Letters and Numbers
Impression,2025/12/07,901265003,Blis Media XAPI
Impression,2025/12/07,915732343,Cryptogram Letters and Numbers
Impression,2025/12/07,927017064,Cryptogram Letters and Numbers
Impression,2025/12/07,934604354,Cryptogram Letters and Numbers
Impression,2025/12/07,934672174,Sovrn_Display_xAPI
Impression,2025/12/07,937131756,Cryptogram Letters and Numbers
Impression,2025/12/07,943351744,Cryptogram Letters and Numbers
Impression,2025/12/07,970529823,Cryptogram Letters and Numbers
Impression,2025/12/07,971025213,Cryptogram Letters and Numbers
Impression,2025/12/07,971114013,Cryptogram Letters and Numbers
Impression,2025/12/07,971154143,Cryptogram Letters and Numbers
Impression,2025/12/07,971278853,Blis Media XAPI
Impression,2025/12/07,971278853,"Truecaller: Caller ID, Blocker"
Impression,2025/12/07,971379143,Cryptogram Letters and Numbers
Impression,2025/12/07,971527773,Cryptogram Letters and Numbers
Impression,2025/12/07,971637243,Cryptogram Letters and Numbers
Impression,2025/12/07,971649123,Blis Media XAPI
Impression,2025/12/07,971666683,Sovrn_Display_xAPI
Impression,2025/12/07,971838923,Cryptogram Letters and Numbers
Impression,2025/12/07,971942083,Cryptogram Letters and Numbers
Impression,2025/12/07,976748596,Blis Media XAPI
Impression,2025/12/07,981778086,Cryptogram Letters and Numbers
Impression,2025/12/07,981778086,Sovrn_Display_xAPI
Impression,2025/12/07,983784036,Cryptogram Letters and Numbers
Impression,2025/12/08,558905673,Cryptogram Letters and Numbers
Impression,2025/12/08,681036724,Cryptogram Letters and Numbers
Impression,2025/12/08,688386613,Cryptogram Letters and Numbers
Impression,2025/12/08,722044594,Cryptogram Letters and Numbers
Impression,2025/12/08,760615013,Cryptogram Letters and Numbers
Impression,2025/12/08,766516454,Cryptogram Letters and Numbers
Impression,2025/12/08,766898364,Cryptogram Letters and Numbers
Impression,2025/12/08,766978524,Cryptogram Letters and Numbers
Impression,2025/12/08,797104926,Cryptogram Letters and Numbers
Impression,2025/12/08,797113686,Cryptogram Letters and Numbers
Impression,2025/12/08,797131026,Cryptogram Letters and Numbers
Impression,2025/12/08,858324056,Cryptogram Letters and Numbers
Impression,2025/12/08,862456764,Cryptogram Letters and Numbers
Impression,2025/12/08,862655114,Cryptogram Letters and Numbers
Impression,2025/12/08,883909036,Cryptogram Letters and Numbers
Impression,2025/12/08,894951754,Cryptogram Letters and Numbers
Impression,2025/12/08,914702643,Cryptogram Letters and Numbers
Impression,2025/12/08,915587693,Cryptogram Letters and Numbers
Impression,2025/12/08,916023703,Cryptogram Letters and Numbers
Impression,2025/12/08,916161563,Cryptogram Letters and Numbers
Impression,2025/12/08,924445113,Cryptogram Letters and Numbers
Impression,2025/12/08,926463404,Cryptogram Letters and Numbers
Impression,2025/12/08,933861923,Cryptogram Letters and Numbers
Impression,2025/12/08,933965173,Cryptogram Letters and Numbers
Impression,2025/12/08,934604354,Cryptogram Letters and Numbers
Impression,2025/12/08,934722034,Cryptogram Letters and Numbers
Impression,2025/12/08,943486424,CallApp: Caller ID & Block
Impression,2025/12/08,969835863,Cryptogram Letters and Numbers
Impression,2025/12/08,970388153,Cryptogram Letters and Numbers
Impression,2025/12/08,970696243,Cryptogram Letters and Numbers
Impression,2025/12/08,971100723,CallApp: Caller ID & Block
Impression,2025/12/08,971100723,Cryptogram Letters and Numbers
Impression,2025/12/08,971201133,Cryptogram Letters and Numbers
Impression,2025/12/08,971321843,Cryptogram Letters and Numbers
Impression,2025/12/08,971362333,Cryptogram Letters and Numbers
Impression,2025/12/08,971376443,Cryptogram Letters and Numbers
Impression,2025/12/08,971640873,Cryptogram Letters and Numbers
Impression,2025/12/08,971898973,Cryptogram Letters and Numbers
Impression,2025/12/08,971916113,Cryptogram Letters and Numbers
Impression,2025/12/08,983005506,Cryptogram Letters and Numbers
Impression,2025/12/08,990189813,Cryptogram Letters and Numbers
Impression,2025/12/08,990321293,CallApp: Caller ID & Block
Impression,2025/12/09,826840024,N/A:WEB:ATqKUYHJ7OKoFhaSqyPMzgWsvCv6
Impression,2025/12/09,972179343,N/A:WEB:ATqKUYHJ7OKoFhaSqyPMzgWsvCv6
Impression,2025/12/09,990206843,N/A:WEB:ATqKUYHJ7OKoFhaSqyPMzgWsvCv6
Impression,2025/12/09,996137954,N/A:WEB:ATqKUYHJ7OKoFhaSqyPMzgWsvCv6
Impression,2025/12/11,883909036,planetrugby.com
Impression,2025/12/11,990204893,Sovrn_Display_xAPI
Impression,2025/12/12,972129063,Cryptogram Letters and Numbers
Impression,2025/12/12,972129063,Sudoku.com
Impression,2025/12/12,990249853,Cryptogram Letters and Numbers
Impression,2025/12/13,915041683,Sudoku.com
Impression,2025/12/14,867161163,Jigsawscapes
Impression,2025/12/14,901205793,Jigsawscapes
Impression,2025/12/14,934904684,Jigsawscapes
Impression,2025/12/14,971587953,Jigsawscapes
Impression,2025/12/14,971769493,Cryptogram
Impression,2025/12/14,971809323,Jigsawscapes
Impression,2025/12/14,971970103,Jigsawscapes
Impression,2025/12/14,990452293,"Truecaller: Caller ID, Blocker"
Impression,2025/12/14,990804563,Cryptogram
Impression,2025/12/16,934820014,"Truecaller: Caller ID, Blocker"
Impression,2025/12/17,1070578654,"Truecaller: Caller ID, Blocker"
Impression,2025/12/18,1001136066,Cryptogram Letters and Numbers
Impression,2025/12/18,1001734266,"Truecaller: Caller ID, Blocker"
Impression,2025/12/18,1002132656,Cryptogram Letters and Numbers
Impression,2025/12/18,1002632756,Cryptogram Letters and Numbers
Impression,2025/12/18,1071673104,bbc.com
Impression,2025/12/18,1094391153,"Truecaller: Caller ID, Blocker"
Impression,2025/12/18,1097179973,"Truecaller: Caller ID, Blocker"
Impression,2025/12/18,276887913,Cryptogram Letters and Numbers
Impression,2025/12/18,276887913,"Truecaller: Caller ID, Blocker"
Impression,2025/12/18,867161163,"Truecaller: Caller ID, Blocker"
Impression,2025/12/18,883849546,Cryptogram Letters and Numbers
Impression,2025/12/18,883909036,Cryptogram Letters and Numbers
Impression,2025/12/18,883968626,Cryptogram Letters and Numbers
Impression,2025/12/18,934194674,Cryptogram Letters and Numbers
Impression,2025/12/18,934780454,Cryptogram Letters and Numbers
Impression,2025/12/18,956591976,"Truecaller: Caller ID, Blocker"
Impression,2025/12/18,971637243,"Truecaller: Caller ID, Blocker"
Impression,2025/12/18,976050086,"Truecaller: Caller ID, Blocker"
Impression,2025/12/18,990246383,Cryptogram Letters and Numbers
Impression,2025/12/18,990246383,"Truecaller: Caller ID, Blocker"
Impression,2025/12/18,990452293,Cryptogram Letters and Numbers
Impression,2025/12/19,1001233486,"Truecaller: Caller ID, Blocker"
Impression,2025/12/19,1002229596,"Truecaller: Caller ID, Blocker"
Impression,2025/12/19,1070578654,"Truecaller: Caller ID, Blocker"
Impression,2025/12/19,1074318384,Cryptogram Letters and Numbers
Impression,2025/12/19,1094391153,Cryptogram Letters and Numbers
Impression,2025/12/19,1094687243,Cryptogram Letters and Numbers
Impression,2025/12/19,1094687243,"Truecaller: Caller ID, Blocker"
Impression,2025/12/19,1094779843,"Truecaller: Caller ID, Blocker"
Impression,2025/12/19,1097179973,"Truecaller: Caller ID, Blocker"
Impression,2025/12/19,1097691943,"Truecaller: Caller ID, Blocker"
Impression,2025/12/19,1097891683,"Truecaller: Caller ID, Blocker"
Impression,2025/12/19,1099285283,Cryptogram Letters and Numbers
Impression,2025/12/19,1099285283,"Truecaller: Caller ID, Blocker"
Impression,2025/12/19,681027054,Cryptogram Letters and Numbers
Impression,2025/12/19,687024123,Cryptogram Letters and Numbers
Impression,2025/12/19,926595564,Cryptogram Letters and Numbers
Impression,2025/12/19,935063264,Cryptogram Letters and Numbers
Impression,2025/12/19,957086776,Cryptogram Letters and Numbers
Impression,2025/12/19,970521893,Cryptogram Letters and Numbers
Impression,2025/12/19,970716353,Cryptogram Letters and Numbers
Impression,2025/12/19,970745833,"Truecaller: Caller ID, Blocker"
Impression,2025/12/19,971002993,Cryptogram Letters and Numbers
Impression,2025/12/19,971637263,Cryptogram Letters and Numbers
Impression,2025/12/19,971666683,Cryptogram Letters and Numbers
Impression,2025/12/20,1002229596,"Truecaller: Caller ID, Blocker"
Impression,2025/12/20,1097691943,"Truecaller: Caller ID, Blocker"
Impression,2025/12/21,883849546,"Truecaller: Caller ID, Blocker"
Impression,2025/12/21,883909036,"Truecaller: Caller ID, Blocker"
Impression,2025/12/21,943430884,"Truecaller: Caller ID, Blocker"
Impression,2025/12/22,1070407334,AP news
Impression,2025/12/22,1072468864,AP news
Impression,2025/12/22,1074979234,AP news
Impression,2025/12/22,1094690603,AP news
Impression,2025/12/22,681037444,AP news
Impression,2025/12/22,688386613,"Truecaller: Caller ID, Blocker"
Impression,2025/12/22,867082603,AP news
Impression,2025/12/22,883909036,"Truecaller: Caller ID, Blocker"
Impression,2025/12/22,912146643,AP news
Impression,2025/12/22,914197463,AP news
Impression,2025/12/22,914227233,AP news
Impression,2025/12/22,916420004,AP news
Impression,2025/12/22,970428123,"Truecaller: Caller ID, Blocker"
Impression,2025/12/22,990267413,AP news
Impression,2025/12/23,1001446496,Jigsawscapes
Impression,2025/12/23,1013892296,Jigsawscapes
Impression,2025/12/23,1070790424,Jigsawscapes
Impression,2025/12/23,1081097714,Jigsawscapes
Impression,2025/12/23,1096879913,"Truecaller: Caller ID, Blocker"
Impression,2025/12/23,1098781683,"Truecaller: Caller ID, Blocker"
Impression,2025/12/23,728674773,Jigsawscapes
Impression,2025/12/23,892905276,"Truecaller: Caller ID, Blocker"
Impression,2025/12/23,915219903,Jigsawscapes
Impression,2025/12/23,937094786,"Truecaller: Caller ID, Blocker"
Impression,2025/12/23,943381874,Jigsawscapes
Impression,2025/12/23,970900223,"Truecaller: Caller ID, Blocker"
Impression,2025/12/23,970904243,"Truecaller: Caller ID, Blocker"
Impression,2025/12/23,971970103,Jigsawscapes
Impression,2025/12/23,990206843,Jigsawscapes
Impression,2025/12/26,943551004,"Truecaller: Caller ID, Blocker"
Click,2025/12/28,1100783413,Cryptogram Letters and Numbers
Impression,2025/12/28,1002132656,Cryptogram Letters and Numbers
Impression,2025/12/28,1003137056,Cryptogram Letters and Numbers
Impression,2025/12/28,1070409244,Cryptogram Letters and Numbers
Impression,2025/12/28,1073337524,Cryptogram Letters and Numbers
Impression,2025/12/28,1073635714,Cryptogram Letters and Numbers
Impression,2025/12/28,1075018764,Cryptogram Letters and Numbers
Impression,2025/12/28,1080388384,Cryptogram Letters and Numbers
Impression,2025/12/28,1081893454,Cryptogram Letters and Numbers
Impression,2025/12/28,1095580443,Cryptogram Letters and Numbers
Impression,2025/12/28,1099189313,Cryptogram Letters and Numbers
Impression,2025/12/28,1099189313,Nonogram.com
Impression,2025/12/28,1099285283,Cryptogram Letters and Numbers
Impression,2025/12/28,1099781693,"Truecaller: Caller ID, Blocker"
Impression,2025/12/28,1100782503,Cryptogram Letters and Numbers
Impression,2025/12/28,1100783413,Cryptogram Letters and Numbers
Impression,2025/12/28,706174793,Cryptogram Letters and Numbers
Impression,2025/12/28,867122553,"Truecaller: Caller ID, Blocker"
Impression,2025/12/28,883968626,Cryptogram Letters and Numbers
Impression,2025/12/28,934194674,Cryptogram Letters and Numbers
Impression,2025/12/28,934790334,Cryptogram Letters and Numbers
Impression,2025/12/28,934800374,"Truecaller: Caller ID, Blocker"
Impression,2025/12/28,934820014,Cryptogram Letters and Numbers
Impression,2025/12/28,943430884,"Truecaller: Caller ID, Blocker"
Impression,2025/12/28,954421186,Cryptogram Letters and Numbers
Impression,2025/12/28,970716353,Cryptogram Letters and Numbers
Impression,2025/12/28,971002993,Cryptogram Letters and Numbers
Impression,2025/12/28,971140893,"Truecaller: Caller ID, Blocker"
Impression,2025/12/28,971468633,Cryptogram Letters and Numbers
Impression,2025/12/28,990716383,Cryptogram Letters and Numbers
Impression,2025/12/28,990716383,"Truecaller: Caller ID, Blocker"
Impression,2025/12/28,998476376,Cryptogram Letters and Numbers
Impression,2025/12/28,998476376,"Truecaller: Caller ID, Blocker"
Impression,2025/12/29,681027054,"Truecaller: Caller ID, Blocker"
Impression,2025/12/29,867122553,"Truecaller: Caller ID, Blocker"
Impression,2025/12/29,970806603,"Truecaller: Caller ID, Blocker"
Impression,2025/12/31,1097691943,"Truecaller: Caller ID, Blocker"
Impression,2025/12/31,1098791893,"Truecaller: Caller ID, Blocker"
Impression,2025/12/31,1099484503,"Truecaller: Caller ID, Blocker"
Impression,2025/12/31,722044594,"Truecaller: Caller ID, Blocker"
Impression,2025/12/31,826589414,"Truecaller: Caller ID, Blocker"
Impression,2026/01/02,1015286376,"Truecaller: Caller ID, Blocker"
Impression,2026/01/03,1012085346,"Truecaller: Caller ID, Blocker"
Impression,2026/01/03,1015286376,"Truecaller: Caller ID, Blocker"
Impression,2026/01/03,1075223584,"Truecaller: Caller ID, Blocker"
Impression,2026/01/05,1001434196,"Truecaller: Caller ID, Blocker"
Impression,2026/01/05,1013129286,"Truecaller: Caller ID, Blocker"
Impression,2026/01/05,1073720834,"Truecaller: Caller ID, Blocker"
Impression,2026/01/05,1080687874,"Truecaller: Caller ID, Blocker"
Impression,2026/01/05,906467414,"Truecaller: Caller ID, Blocker"
Impression,2026/01/05,934194674,"Truecaller: Caller ID, Blocker"
Impression,2026/01/05,971093663,"Truecaller: Caller ID, Blocker"
Impression,2026/01/06,1075223584,"Truecaller: Caller ID, Blocker"
Impression,2026/01/06,1080702974,msn.com
Impression,2026/01/06,1081284454,"Truecaller: Caller ID, Blocker"
Impression,2026/01/06,1100107823,"Truecaller: Caller ID, Blocker"
Impression,2026/01/06,681036724,"Truecaller: Caller ID, Blocker"
Impression,2026/01/06,722044594,"Truecaller: Caller ID, Blocker"
Impression,2026/01/06,911272613,msn.com
Impression,2026/01/07,1001634226,Cryptogram Letters and Numbers
Impression,2026/01/07,1080702974,msn.com
Impression,2026/01/07,1100107443,Cryptogram Letters and Numbers
Impression,2026/01/07,1100107823,"Truecaller: Caller ID, Blocker"
Impression,2026/01/07,1104081733,msn.com
Impression,2026/01/07,934764774,Cryptogram Letters and Numbers
Impression,2026/01/08,1013129286,"Truecaller: Caller ID, Blocker"
Impression,2026/01/08,1015286376,"Truecaller: Caller ID, Blocker"
Impression,2026/01/08,1100107443,"Truecaller: Caller ID, Blocker"
Impression,2026/01/09,1001634226,"Truecaller: Caller ID, Blocker"
Impression,2026/01/09,1015286376,"Truecaller: Caller ID, Blocker"
Impression,2026/01/10,1015286376,"Truecaller: Caller ID, Blocker"
Impression,2026/01/10,869855154,"Truecaller: Caller ID, Blocker"
Impression,2026/01/11,681027064,"Truecaller: Caller ID, Blocker"
Impression,2026/01/11,869755384,"Truecaller: Caller ID, Blocker"
Impression,2026/01/12,1001434196,"Truecaller: Caller ID, Blocker"
Impression,2026/01/12,1081284454,"Truecaller: Caller ID, Blocker"
Impression,2026/01/12,1081451564,"Truecaller: Caller ID, Blocker"
Impression,2026/01/12,1100285103,"Truecaller: Caller ID, Blocker"
Impression,2026/01/12,1100285113,"Truecaller: Caller ID, Blocker"
Impression,2026/01/12,1106681773,Cryptogram Letters and Numbers
Impression,2026/01/12,869755384,"Truecaller: Caller ID, Blocker"
Impression,2026/01/12,971648303,"Truecaller: Caller ID, Blocker"
Impression,2026/01/13,1015286376,"Truecaller: Caller ID, Blocker"
Impression,2026/01/13,1073720834,"Truecaller: Caller ID, Blocker"
Impression,2026/01/13,1081451564,"Truecaller: Caller ID, Blocker"
Impression,2026/01/13,1099813443,"Truecaller: Caller ID, Blocker"
Impression,2026/01/13,1106581163,"Truecaller: Caller ID, Blocker"
Impression,2026/01/13,741131903,"Truecaller: Caller ID, Blocker"
Impression,2026/01/13,826800624,"Truecaller: Caller ID, Blocker"
Impression,2026/01/13,991058853,"Truecaller: Caller ID, Blocker"
Impression,2026/01/14,672347124,"Truecaller: Caller ID, Blocker"
Impression,2026/01/14,848633873,"Truecaller: Caller ID, Blocker"
Impression,2026/01/15,1001634226,Cryptogram Letters and Numbers
Impression,2026/01/15,1021409536,"Truecaller: Caller ID, Blocker"
Impression,2026/01/15,1083192174,Cryptogram Letters and Numbers
Impression,2026/01/15,1089388694,Cryptogram Letters and Numbers
Impression,2026/01/15,1092183774,Cryptogram Letters and Numbers
Impression,2026/01/15,1100108913,"Truecaller: Caller ID, Blocker"
Impression,2026/01/15,1104693443,"Truecaller: Caller ID, Blocker"
Impression,2026/01/15,1108082823,Cryptogram Letters and Numbers
Impression,2026/01/16,1106881353,"Truecaller: Caller ID, Blocker"
Impression,2026/01/17,1106881353,"Truecaller: Caller ID, Blocker"
Impression,2026/01/19,1025491786,Cryptogram Letters and Numbers
Impression,2026/01/19,1036441226,Cryptogram Letters and Numbers
Impression,2026/01/19,1036939906,Cryptogram Letters and Numbers
Impression,2026/01/19,1037038346,Cryptogram Letters and Numbers
Impression,2026/01/19,1037537416,Cryptogram Letters and Numbers
Impression,2026/01/19,1038012076,Cryptogram Letters and Numbers
Impression,2026/01/19,1038284236,Cryptogram Letters and Numbers
Impression,2026/01/19,1038380776,Cryptogram Letters and Numbers
Impression,2026/01/19,1081284454,"Truecaller: Caller ID, Blocker"
Impression,2026/01/19,1100014413,Cryptogram Letters and Numbers
Impression,2026/01/19,1100285103,"Truecaller: Caller ID, Blocker"
Impression,2026/01/19,1106581163,Cryptogram Letters and Numbers
Impression,2026/01/19,1106881363,Cryptogram Letters and Numbers
Impression,2026/01/19,1112884003,Cryptogram Letters and Numbers
Impression,2026/01/19,1114991523,Cryptogram Letters and Numbers
Impression,2026/01/19,681027064,Cryptogram Letters and Numbers
Impression,2026/01/19,911272613,Cryptogram Letters and Numbers
Impression,2026/01/20,1001547436,msn.com
Impression,2026/01/20,1046289676,"Truecaller: Caller ID, Blocker"
Impression,2026/01/20,1048285866,"Truecaller: Caller ID, Blocker"
Impression,2026/01/20,1048285916,msn.com
Impression,2026/01/20,1048385826,msn.com
Impression,2026/01/20,1080702974,msn.com
Impression,2026/01/20,1088297984,msn.com
Impression,2026/01/20,1100285103,"Truecaller: Caller ID, Blocker"
Impression,2026/01/20,1106581163,msn.com
Impression,2026/01/20,921797256,msn.com
Impression,2026/01/20,971012263,msn.com
Impression,2026/01/20,991058853,"Truecaller: Caller ID, Blocker"
Impression,2026/01/21,1046086986,msn.com
Impression,2026/01/21,1046087016,msn.com
Impression,2026/01/21,1046287546,msn.com
Impression,2026/01/21,1046289676,msn.com
Impression,2026/01/21,1046786946,"Truecaller: Caller ID, Blocker"
Impression,2026/01/21,1048285926,msn.com
Impression,2026/01/21,1048880126,msn.com
Impression,2026/01/21,1080702974,msn.com
Impression,2026/01/21,1100285113,"Truecaller: Caller ID, Blocker"
Impression,2026/01/21,1114186583,msn.com
Impression,2026/01/21,1114596083,"Truecaller: Caller ID, Blocker"
Impression,2026/01/21,1117083223,msn.com
Impression,2026/01/22,1002132656,Cryptogram Letters and Numbers
Impression,2026/01/22,1020309346,Cryptogram Letters and Numbers
Impression,2026/01/22,1046587186,Cryptogram Letters and Numbers
Impression,2026/01/22,1048285866,"Truecaller: Caller ID, Blocker"
Impression,2026/01/22,1048285926,Cryptogram Letters and Numbers
Impression,2026/01/22,1048484156,Cryptogram Letters and Numbers
Impression,2026/01/22,1048880106,Cryptogram Letters and Numbers
Impression,2026/01/22,1089388694,Cryptogram Letters and Numbers
Impression,2026/01/22,1092183774,Cryptogram Letters and Numbers
Impression,2026/01/22,1099914123,Cryptogram Letters and Numbers
Impression,2026/01/22,1109090613,Cryptogram Letters and Numbers
Impression,2026/01/22,1114492563,Cryptogram Letters and Numbers
Impression,2026/01/22,1115889143,"Truecaller: Caller ID, Blocker"
Impression,2026/01/22,848714533,Cryptogram Letters and Numbers
Impression,2026/01/22,869885284,Cryptogram Letters and Numbers
Impression,2026/01/23,1092183774,"Truecaller: Caller ID, Blocker"
Impression,2026/01/23,1113894813,"Truecaller: Caller ID, Blocker"
Impression,2026/01/23,1115210873,"Truecaller: Caller ID, Blocker"
Impression,2026/01/23,1115982863,"Truecaller: Caller ID, Blocker"
Impression,2026/01/26,1002744756,Jigsawscapes
Impression,2026/01/26,1013189686,"Truecaller: Caller ID, Blocker"
Impression,2026/01/26,1014595896,Jigsawscapes
Impression,2026/01/26,1031325286,Jigsawscapes
Impression,2026/01/26,1051632086,Jigsawscapes
Impression,2026/01/26,1051730426,Jigsawscapes
Impression,2026/01/26,1081284454,Jigsawscapes
Impression,2026/01/26,1089080994,Jigsawscapes
Impression,2026/01/26,1094683743,Jigsawscapes
Impression,2026/01/26,1100285103,Jigsawscapes
Impression,2026/01/26,1101107603,Jigsawscapes
Impression,2026/01/26,1103381683,Jigsawscapes
Impression,2026/01/26,1106681773,Jigsawscapes
Impression,2026/01/26,1107281323,"Truecaller: Caller ID, Blocker"
Impression,2026/01/26,1107681873,Jigsawscapes
Impression,2026/01/26,1109387303,Jigsawscapes
Impression,2026/01/26,1114687123,"Truecaller: Caller ID, Blocker"
Impression,2026/01/26,1114780823,Jigsawscapes
Impression,2026/01/26,1114991523,"Truecaller: Caller ID, Blocker"
Impression,2026/01/26,1115581343,Jigsawscapes
Impression,2026/01/26,1116414233,Jigsawscapes
Impression,2026/01/26,1116681223,Jigsawscapes
Impression,2026/01/26,1116811303,Jigsawscapes
Impression,2026/01/26,1116889273,"Truecaller: Caller ID, Blocker"
Impression,2026/01/26,1117406583,Jigsawscapes
Impression,2026/01/26,1117980003,Jigsawscapes
Impression,2026/01/26,1117980313,Jigsawscapes
Impression,2026/01/26,1125887844,Jigsawscapes
Impression,2026/01/26,1126188874,Jigsawscapes
Impression,2026/01/26,1126488394,Jigsawscapes
Impression,2026/01/26,1133486714,Jigsawscapes
Impression,2026/01/26,1162880383,Jigsawscapes
Impression,2026/01/26,652314783,Jigsawscapes
Impression,2026/01/26,878313013,Jigsawscapes
Impression,2026/01/26,915797563,Jigsawscapes
Impression,2026/01/26,918479883,Jigsawscapes
Impression,2026/01/26,963681766,"Truecaller: Caller ID, Blocker"
Impression,2026/01/26,990364593,Jigsawscapes
Impression,2026/01/27,1115982863,"Truecaller: Caller ID, Blocker"
Impression,2026/01/29,1026884766,msn.com
Impression,2026/01/29,1054660376,msn.com
Impression,2026/01/29,1056316506,msn.com
Impression,2026/01/29,1056316586,msn.com
Impression,2026/01/29,1056416696,msn.com
Impression,2026/01/29,1058515566,msn.com
Impression,2026/01/29,1058710096,msn.com
Impression,2026/01/29,1058881726,msn.com
Impression,2026/01/29,1080702974,msn.com
Impression,2026/01/29,1100884753,"Truecaller: Caller ID, Blocker"
Impression,2026/01/29,1106581163,msn.com
Impression,2026/01/29,1106881363,msn.com
Impression,2026/01/29,1110181873,msn.com
Impression,2026/01/29,1114782883,msn.com
Impression,2026/01/29,1128206204,msn.com
Impression,2026/01/29,1133997674,msn.com
Impression,2026/01/29,1160486753,msn.com
Impression,2026/01/29,1167186503,"Truecaller: Caller ID, Blocker"
Impression,2026/01/29,681017164,msn.com
Impression,2026/01/29,681036724,msn.com
Impression,2026/01/29,921797256,msn.com
Impression,2026/01/30,1002132656,"Truecaller: Caller ID, Blocker"
Impression,2026/01/30,1002632756,"Truecaller: Caller ID, Blocker"
Impression,2026/01/30,1020309346,"Truecaller: Caller ID, Blocker"
Impression,2026/01/30,1054660376,"Truecaller: Caller ID, Blocker"
Impression,2026/01/30,1056316586,"Truecaller: Caller ID, Blocker"
Impression,2026/01/30,1057015516,"Truecaller: Caller ID, Blocker"
Impression,2026/01/30,1058615656,"Truecaller: Caller ID, Blocker"
Impression,2026/01/30,1058615686,"Truecaller: Caller ID, Blocker"
Impression,2026/01/30,1058881726,"Truecaller: Caller ID, Blocker"
Impression,2026/01/30,1058980896,"Truecaller: Caller ID, Blocker"
Impression,2026/01/30,1061279996,Jigsawscapes
Impression,2026/01/30,1085982464,Jigsawscapes
Impression,2026/01/30,1101507693,Jigsawscapes
Impression,2026/01/30,1107488383,Jigsawscapes
Impression,2026/01/30,1107681873,Jigsawscapes
Impression,2026/01/30,1115982863,"Truecaller: Caller ID, Blocker"
Impression,2026/01/30,1117280993,Jigsawscapes
Impression,2026/01/30,1117281923,Jigsawscapes
Impression,2026/01/30,1117415353,"Truecaller: Caller ID, Blocker"
Impression,2026/01/30,1125887764,Jigsawscapes
Impression,2026/01/30,1126488194,"Truecaller: Caller ID, Blocker"
Impression,2026/01/30,1128206204,"Truecaller: Caller ID, Blocker"
Impression,2026/01/30,1137492554,Jigsawscapes
Impression,2026/01/30,1160486753,Jigsawscapes
Impression,2026/01/30,1160486753,"Truecaller: Caller ID, Blocker"
Impression,2026/01/30,1160785343,"Truecaller: Caller ID, Blocker"
Impression,2026/01/30,1162893713,Jigsawscapes
Impression,2026/01/30,1164380003,Jigsawscapes
Impression,2026/01/30,1165585833,"Truecaller: Caller ID, Blocker"
Impression,2026/01/30,1165783293,"Truecaller: Caller ID, Blocker"
Impression,2026/01/30,1166495823,"Truecaller: Caller ID, Blocker"
Impression,2026/01/30,1166994073,"Truecaller: Caller ID, Blocker"
Impression,2026/01/30,1167186503,"Truecaller: Caller ID, Blocker"
Impression,2026/01/30,681072734,Jigsawscapes
Impression,2026/01/30,839472514,Jigsawscapes
Impression,2026/01/30,848714533,"Truecaller: Caller ID, Blocker"
Impression,2026/01/30,897175843,Jigsawscapes
Impression,2026/01/31,1083192174,"Truecaller: Caller ID, Blocker"
Impression,2026/02/01,1001547436,Cryptogram Letters and Numbers
Impression,2026/02/01,1002132656,Cryptogram Letters and Numbers
Impression,2026/02/01,1019409906,Cryptogram Letters and Numbers
Impression,2026/02/01,1052706616,Cryptogram Letters and Numbers
Impression,2026/02/01,1054705796,Cryptogram Letters and Numbers
Impression,2026/02/01,1057879946,"Truecaller: Caller ID, Blocker"
Impression,2026/02/01,1058871386,Cryptogram Letters and Numbers
Impression,2026/02/01,1104283413,Cryptogram Letters and Numbers
Impression,2026/02/01,1110084983,Jigsawscapes
Impression,2026/02/01,1114292433,Cryptogram Letters and Numbers
Impression,2026/02/01,1114991523,Cryptogram Letters and Numbers
Impression,2026/02/01,1115210203,Jigsawscapes
Impression,2026/02/01,1116081633,Jigsawscapes
Impression,2026/02/01,1116121613,Cryptogram Letters and Numbers
Impression,2026/02/01,1116883713,Cryptogram Letters and Numbers
Impression,2026/02/01,1117415353,"Truecaller: Caller ID, Blocker"
Impression,2026/02/01,1122786053,Jigsawscapes
Impression,2026/02/01,1129084804,Cryptogram Letters and Numbers
Impression,2026/02/01,1132197064,Cryptogram Letters and Numbers
Impression,2026/02/01,1160088143,Cryptogram Letters and Numbers
Impression,2026/02/01,1160486753,Jigsawscapes
Impression,2026/02/01,1161490843,Jigsawscapes
Impression,2026/02/01,1162390723,Jigsawscapes
Impression,2026/02/01,1162789573,Cryptogram Letters and Numbers
Impression,2026/02/01,1164091073,Cryptogram Letters and Numbers
Impression,2026/02/01,1164380003,Jigsawscapes
Impression,2026/02/01,1165280033,Cryptogram Letters and Numbers
Impression,2026/02/01,1165280033,Jigsawscapes
Impression,2026/02/01,1165394073,Jigsawscapes
Impression,2026/02/01,1165585833,Cryptogram Letters and Numbers
Impression,2026/02/01,1165695283,Cryptogram Letters and Numbers
Impression,2026/02/01,1166692993,Cryptogram Letters and Numbers
Impression,2026/02/01,1167492873,Cryptogram Letters and Numbers
Impression,2026/02/01,1167685433,Jigsawscapes
Impression,2026/02/01,706174793,Cryptogram Letters and Numbers
Impression,2026/02/01,749584526,Cryptogram Letters and Numbers
Impression,2026/02/01,848714533,Cryptogram Letters and Numbers
Impression,2026/02/01,869874814,Cryptogram Letters and Numbers
Impression,2026/02/01,911272613,Cryptogram Letters and Numbers
Impression,2026/02/02,1137492554,"Truecaller: Caller ID, Blocker"
Impression,2026/02/02,1169980003,"Truecaller: Caller ID, Blocker"
Impression,2026/02/03,1059054246,"Truecaller: Caller ID, Blocker"
Impression,2026/02/03,1062984296,"Truecaller: Caller ID, Blocker"
Impression,2026/02/03,1063183706,"Truecaller: Caller ID, Blocker"
Impression,2026/02/03,1063384076,"Truecaller: Caller ID, Blocker"
Impression,2026/02/03,1063884206,"Truecaller: Caller ID, Blocker"
Impression,2026/02/03,1064584076,"Truecaller: Caller ID, Blocker"
Impression,2026/02/03,1064783866,"Truecaller: Caller ID, Blocker"
Impression,2026/02/03,1100285103,"Truecaller: Caller ID, Blocker"
Impression,2026/02/03,1165585753,"Truecaller: Caller ID, Blocker"
Impression,2026/02/03,1169894133,"Truecaller: Caller ID, Blocker"
Impression,2026/02/03,1169980003,"Truecaller: Caller ID, Blocker"
Impression,2026/02/03,1170293023,"Truecaller: Caller ID, Blocker"
Impression,2026/02/03,826810154,"Truecaller: Caller ID, Blocker"
Impression,2026/02/04,1048280956,mail.yahoo.com
Impression,2026/02/04,1060687376,mail.yahoo.com
Impression,2026/02/04,1062584006,mail.yahoo.com
Impression,2026/02/04,1062684216,mail.yahoo.com
Impression,2026/02/04,1062783856,mail.yahoo.com
Impression,2026/02/04,1062783856,msn.com
Impression,2026/02/04,1062984296,mail.yahoo.com
Impression,2026/02/04,1063384076,mail.yahoo.com
Impression,2026/02/04,1063484026,mail.yahoo.com
Impression,2026/02/04,1063884206,mail.yahoo.com
Impression,2026/02/04,1063884206,msn.com
Impression,2026/02/04,1064485436,mail.yahoo.com
Impression,2026/02/04,1064683986,msn.com
Impression,2026/02/04,1064783866,mail.yahoo.com
Impression,2026/02/04,1101914943,mail.yahoo.com
Impression,2026/02/04,1106089453,mail.yahoo.com
Impression,2026/02/04,1111087893,mail.yahoo.com
Impression,2026/02/04,1111182133,mail.yahoo.com
Impression,2026/02/04,1133997674,mail.yahoo.com
Impression,2026/02/04,1134202814,mail.yahoo.com
Impression,2026/02/04,1134781004,"Truecaller: Caller ID, Blocker"
Impression,2026/02/04,1139538284,mail.yahoo.com
Impression,2026/02/04,1139638014,mail.yahoo.com
Impression,2026/02/04,1166692993,mail.yahoo.com
Impression,2026/02/04,1166798983,mail.yahoo.com
Impression,2026/02/04,1168284913,mail.yahoo.com
Impression,2026/02/04,1168494353,mail.yahoo.com
Impression,2026/02/04,1168593533,mail.yahoo.com
Impression,2026/02/04,1169680653,mail.yahoo.com
Impression,2026/02/04,1169980003,"Truecaller: Caller ID, Blocker"
Impression,2026/02/04,1173080983,msn.com
Impression,2026/02/04,848714533,mail.yahoo.com
Impression,2026/02/04,869874814,mail.yahoo.com
Impression,2026/02/04,911272613,mail.yahoo.com
Impression,2026/02/05,1057879946,"Truecaller: Caller ID, Blocker"
Impression,2026/02/05,1066884846,"Truecaller: Caller ID, Blocker"
Impression,2026/02/05,1077584304,"Truecaller: Caller ID, Blocker"
Impression,2026/02/05,1100285113,"Truecaller: Caller ID, Blocker"
Impression,2026/02/05,1111182133,"Truecaller: Caller ID, Blocker"
Impression,2026/02/05,1128206204,"Truecaller: Caller ID, Blocker"
Impression,2026/02/05,1139538284,"Truecaller: Caller ID, Blocker"
Impression,2026/02/05,1165692973,"Truecaller: Caller ID, Blocker"
Impression,2026/02/05,1167492483,"Truecaller: Caller ID, Blocker"
Impression,2026/02/05,1168393073,"Truecaller: Caller ID, Blocker"
Impression,2026/02/05,1168685203,"Truecaller: Caller ID, Blocker"
Impression,2026/02/05,1172581693,"Truecaller: Caller ID, Blocker"
Impression,2026/02/06,1002132656,"Truecaller: Caller ID, Blocker"
Impression,2026/02/06,1013189686,"Truecaller: Caller ID, Blocker"
Impression,2026/02/06,1042374486,"Truecaller: Caller ID, Blocker"
Impression,2026/02/06,1063737996,"Truecaller: Caller ID, Blocker"
Impression,2026/02/06,1114782883,"Truecaller: Caller ID, Blocker"
Impression,2026/02/06,1139538284,"Truecaller: Caller ID, Blocker"
Impression,2026/02/06,1166994073,"Truecaller: Caller ID, Blocker"
Impression,2026/02/06,1168393073,"Truecaller: Caller ID, Blocker"
Impression,2026/02/06,1168494353,"Truecaller: Caller ID, Blocker"
Impression,2026/02/06,1168884193,"Truecaller: Caller ID, Blocker"
Impression,2026/02/07,1001634226,"Truecaller: Caller ID, Blocker"
Impression,2026/02/07,1132788464,"Truecaller: Caller ID, Blocker"
Impression,2026/02/07,1134683984,"Truecaller: Caller ID, Blocker"
Impression,2026/02/07,1165783293,"Truecaller: Caller ID, Blocker"
Impression,2026/02/07,1168393073,"Truecaller: Caller ID, Blocker"
Impression,2026/02/07,1172581693,"Truecaller: Caller ID, Blocker"
Impression,2026/02/08,1133091314,"Truecaller: Caller ID, Blocker"
Impression,2026/02/08,1137841114,"Truecaller: Caller ID, Blocker"
Impression,2026/02/08,971684253,"Truecaller: Caller ID, Blocker"
Impression,2026/02/09,1001634226,"Truecaller: Caller ID, Blocker"
Impression,2026/02/09,1020908006,"Truecaller: Caller ID, Blocker"
Impression,2026/02/09,1119529726,"Truecaller: Caller ID, Blocker"
Impression,2026/02/09,1126488114,"Truecaller: Caller ID, Blocker"
Impression,2026/02/09,1128206204,"Truecaller: Caller ID, Blocker"
Impression,2026/02/09,1134202814,"Truecaller: Caller ID, Blocker"
Impression,2026/02/09,1139740134,"Truecaller: Caller ID, Blocker"
Impression,2026/02/09,1139748374,"Truecaller: Caller ID, Blocker"
Impression,2026/02/09,1154808286,"Truecaller: Caller ID, Blocker"
Impression,2026/02/09,1156391726,"Truecaller: Caller ID, Blocker"
Impression,2026/02/09,1156691716,"Truecaller: Caller ID, Blocker"
Impression,2026/02/09,1160088143,"Truecaller: Caller ID, Blocker"
Impression,2026/02/09,1161190233,Opera Mini: Fast Web Browser
Impression,2026/02/09,1169980003,"Truecaller: Caller ID, Blocker"
Impression,2026/02/09,1172581693,"Truecaller: Caller ID, Blocker"
Impression,2026/02/09,1172899813,"Truecaller: Caller ID, Blocker"
Impression,2026/02/09,1174089883,"Truecaller: Caller ID, Blocker"
Impression,2026/02/09,1175298293,"Truecaller: Caller ID, Blocker"
Impression,2026/02/09,1175493953,"Truecaller: Caller ID, Blocker"
Impression,2026/02/10,1081284454,"Truecaller: Caller ID, Blocker"
Impression,2026/02/10,1100285103,"Truecaller: Caller ID, Blocker"
Impression,2026/02/10,1112986043,"Truecaller: Caller ID, Blocker"
Impression,2026/02/10,1119529726,msn.com
Impression,2026/02/10,1119631546,"Truecaller: Caller ID, Blocker"
Impression,2026/02/10,1126488114,"Truecaller: Caller ID, Blocker"
Impression,2026/02/10,1131024936,"Truecaller: Caller ID, Blocker"
Impression,2026/02/10,1132197064,"Truecaller: Caller ID, Blocker"
Impression,2026/02/10,1134000284,"Truecaller: Caller ID, Blocker"
Impression,2026/02/10,1139538284,msn.com
Impression,2026/02/10,1140400034,"Truecaller: Caller ID, Blocker"
Impression,2026/02/10,1154808316,"Truecaller: Caller ID, Blocker"
Impression,2026/02/10,1154992486,"Truecaller: Caller ID, Blocker"
Impression,2026/02/10,1156391726,"Truecaller: Caller ID, Blocker"
Impression,2026/02/10,1156391726,msn.com
Impression,2026/02/10,1156691716,"Truecaller: Caller ID, Blocker"
Impression,2026/02/10,1169980003,msn.com
Impression,2026/02/10,1174012733,"Truecaller: Caller ID, Blocker"
Impression,2026/02/10,1174614063,"Truecaller: Caller ID, Blocker"
Impression,2026/02/10,1175397273,"Truecaller: Caller ID, Blocker"
Impression,2026/02/10,1176289103,"Truecaller: Caller ID, Blocker"
Impression,2026/02/10,1176380913,"Truecaller: Caller ID, Blocker"
Impression,2026/02/10,749584526,msn.com
Impression,2026/02/10,848714533,"Truecaller: Caller ID, Blocker"
Impression,2026/02/10,869874814,"Truecaller: Caller ID, Blocker"
Impression,2026/02/11,1130230076,"Truecaller: Caller ID, Blocker"
Impression,2026/02/11,1131024936,"Truecaller: Caller ID, Blocker"
Impression,2026/02/11,1154808316,msn.com
Impression,2026/02/11,1156691716,msn.com
Impression,2026/02/11,1173491693,"Truecaller: Caller ID, Blocker"
Impression,2026/02/11,1174012733,"Truecaller: Caller ID, Blocker"
Impression,2026/02/11,1174013033,"Truecaller: Caller ID, Blocker"
Impression,2026/02/11,1175408593,"Truecaller: Caller ID, Blocker"
Impression,2026/02/11,1175801923,"Truecaller: Caller ID, Blocker"
Impression,2026/02/12,1056393706,livescience.com
Impression,2026/02/12,1057897636,Sovrn_Display_xAPI
Impression,2026/02/12,1058398786,eatingwell.com
Impression,2026/02/12,1063386086,"Truecaller: Caller ID, Blocker"
Impression,2026/02/12,1100884753,"Truecaller: Caller ID, Blocker"
Impression,2026/02/12,1107681873,livescience.com
Impression,2026/02/12,1107781883,livescience.com
Impression,2026/02/12,1119529676,"Truecaller: Caller ID, Blocker"
Impression,2026/02/12,1139538284,"Truecaller: Caller ID, Blocker"
Impression,2026/02/12,1163185603,msn.com
Impression,2026/02/12,1175416133,"Truecaller: Caller ID, Blocker"
Impression,2026/02/12,1175493953,"Truecaller: Caller ID, Blocker"
Impression,2026/02/12,1175792433,"Truecaller: Caller ID, Blocker"
Impression,2026/02/12,1175913433,"Truecaller: Caller ID, Blocker"
Impression,2026/02/12,1176102043,"Truecaller: Caller ID, Blocker"
Impression,2026/02/12,1176484813,"Truecaller: Caller ID, Blocker"
Impression,2026/02/12,231346173,"Truecaller: Caller ID, Blocker"
Impression,2026/02/12,722044594,"Truecaller: Caller ID, Blocker"
Impression,2026/02/13,1001634226,"Truecaller: Caller ID, Blocker"
Impression,2026/02/14,1107681873,kirbiecravings.com
Impression,2026/02/14,1107781883,kirbiecravings.com
Impression,2026/02/15,1175792433,"Truecaller: Caller ID, Blocker"
Impression,2026/02/15,1175925393,"Truecaller: Caller ID, Blocker"
Impression,2026/02/15,1178106423,"Truecaller: Caller ID, Blocker"
Impression,2026/02/15,1178392603,"Truecaller: Caller ID, Blocker"
Impression,2026/02/16,1102212483,"Truecaller: Caller ID, Blocker"
Impression,2026/02/16,1138549004,"Truecaller: Caller ID, Blocker"
Impression,2026/02/16,1138780594,"Truecaller: Caller ID, Blocker"
Impression,2026/02/16,1139748374,"Truecaller: Caller ID, Blocker"
Impression,2026/02/16,1144514504,"Truecaller: Caller ID, Blocker"
Impression,2026/02/16,1178392603,"Truecaller: Caller ID, Blocker"
Impression,2026/02/17,1100285113,"Truecaller: Caller ID, Blocker"
Impression,2026/02/17,1177021893,"Truecaller: Caller ID, Blocker"
Impression,2026/02/17,1325591536,"Truecaller: Caller ID, Blocker"
Impression,2026/02/18,1001634226,"Truecaller: Caller ID, Blocker"
Impression,2026/02/18,1057879946,"Truecaller: Caller ID, Blocker"
Impression,2026/02/18,1064583596,"Truecaller: Caller ID, Blocker"
Impression,2026/02/18,1145220164,"Truecaller: Caller ID, Blocker"
Impression,2026/02/18,1178491223,"Truecaller: Caller ID, Blocker"
Impression,2026/02/18,1324291586,"Truecaller: Caller ID, Blocker"
Impression,2026/02/18,1325891406,"Truecaller: Caller ID, Blocker"
Impression,2026/02/18,1328980316,"Truecaller: Caller ID, Blocker"
Impression,2026/02/19,1057879946,"Truecaller: Caller ID, Blocker"
Impression,2026/02/19,1063085456,"Truecaller: Caller ID, Blocker"
Impression,2026/02/19,1063386156,"Truecaller: Caller ID, Blocker"
Impression,2026/02/19,1070296014,"Truecaller: Caller ID, Blocker"
Impression,2026/02/19,1081284454,"Truecaller: Caller ID, Blocker"
Impression,2026/02/19,1101115233,"Truecaller: Caller ID, Blocker"
Impression,2026/02/19,1111385623,"Truecaller: Caller ID, Blocker"
Impression,2026/02/19,1114385963,"Truecaller: Caller ID, Blocker"
Impression,2026/02/19,1128206204,"Truecaller: Caller ID, Blocker"
Impression,2026/02/19,1129084804,msn.com
Impression,2026/02/19,1133099694,"Truecaller: Caller ID, Blocker"
Impression,2026/02/19,1134000284,"Truecaller: Caller ID, Blocker"
Impression,2026/02/19,1138062514,"Truecaller: Caller ID, Blocker"
Impression,2026/02/19,1140593544,"Truecaller: Caller ID, Blocker"
Impression,2026/02/19,1144128754,"Truecaller: Caller ID, Blocker"
Impression,2026/02/19,1145220164,"Truecaller: Caller ID, Blocker"
Impression,2026/02/19,1145496584,"Truecaller: Caller ID, Blocker"
Impression,2026/02/19,1161190233,"Truecaller: Caller ID, Blocker"
Impression,2026/02/19,1163185603,"Truecaller: Caller ID, Blocker"
Impression,2026/02/19,1166994073,"Truecaller: Caller ID, Blocker"
Impression,2026/02/19,1168093463,"Truecaller: Caller ID, Blocker"
Impression,2026/02/19,1168393073,"Truecaller: Caller ID, Blocker"
Impression,2026/02/19,1168494353,"Truecaller: Caller ID, Blocker"
Impression,2026/02/19,1175623863,"Truecaller: Caller ID, Blocker"
Impression,2026/02/19,1175792433,"Truecaller: Caller ID, Blocker"
Impression,2026/02/19,1176351493,"Truecaller: Caller ID, Blocker"
Impression,2026/02/19,1176528783,"Truecaller: Caller ID, Blocker"
Impression,2026/02/19,1176545223,"Truecaller: Caller ID, Blocker"
Impression,2026/02/19,1176545893,"Truecaller: Caller ID, Blocker"
Impression,2026/02/19,1176597913,"Truecaller: Caller ID, Blocker"
Impression,2026/02/19,1176655083,"Truecaller: Caller ID, Blocker"
Impression,2026/02/19,1177028853,"Truecaller: Caller ID, Blocker"
Impression,2026/02/19,1177215283,"Truecaller: Caller ID, Blocker"
Impression,2026/02/19,1177905853,"Truecaller: Caller ID, Blocker"
Impression,2026/02/19,1178114443,"Truecaller: Caller ID, Blocker"
Impression,2026/02/19,1178120783,"Truecaller: Caller ID, Blocker"
Impression,2026/02/19,1178689013,"Truecaller: Caller ID, Blocker"
Impression,2026/02/19,1324392366,"Truecaller: Caller ID, Blocker"
Impression,2026/02/19,1324992076,"Truecaller: Caller ID, Blocker"
Impression,2026/02/19,1325792166,"Truecaller: Caller ID, Blocker"
Impression,2026/02/19,1325891406,"Truecaller: Caller ID, Blocker"
Impression,2026/02/19,1325891456,"Truecaller: Caller ID, Blocker"
Impression,2026/02/19,1328881646,"Truecaller: Caller ID, Blocker"
Impression,2026/02/19,1328881676,"Truecaller: Caller ID, Blocker"
Impression,2026/02/19,1328980286,"Truecaller: Caller ID, Blocker"
Impression,2026/02/19,514728863,"Truecaller: Caller ID, Blocker"
Impression,2026/02/19,722044594,"Truecaller: Caller ID, Blocker"
Impression,2026/02/20,1100285103,"Truecaller: Caller ID, Blocker"
Impression,2026/02/20,1100285113,"Truecaller: Caller ID, Blocker"
Impression,2026/02/20,1175792433,"Truecaller: Caller ID, Blocker"
Impression,2026/02/20,1176014333,"Truecaller: Caller ID, Blocker"
Impression,2026/02/20,1176664593,"Truecaller: Caller ID, Blocker"
Impression,2026/02/21,1002132656,msn.com
Impression,2026/02/21,1010989556,msn.com
Impression,2026/02/21,1178139033,msn.com
Impression,2026/02/21,1181281693,msn.com
Impression,2026/02/21,1181584873,msn.com
Impression,2026/02/21,1331135676,msn.com
Impression,2026/02/22,1002132656,"Truecaller: Caller ID, Blocker"
Impression,2026/02/22,1063522016,livescience.com
Impression,2026/02/22,1142881484,"Truecaller: Caller ID, Blocker"
Impression,2026/02/22,1174009673,msn.com
Impression,2026/02/22,1176655083,"Truecaller: Caller ID, Blocker"
Impression,2026/02/22,1176666743,"Truecaller: Caller ID, Blocker"
Impression,2026/02/22,1178994203,"Truecaller: Caller ID, Blocker"
Impression,2026/02/22,1180800003,"Truecaller: Caller ID, Blocker"
Impression,2026/02/22,1181281693,msn.com
Impression,2026/02/22,1181584873,msn.com
Impression,2026/02/23,1142302574,"Truecaller: Caller ID, Blocker"
Impression,2026/02/23,1175408593,"Truecaller: Caller ID, Blocker"
Impression,2026/02/23,1176666743,"Truecaller: Caller ID, Blocker"
Impression,2026/02/25,1182021263,"Truecaller: Caller ID, Blocker"
Impression,2026/02/26,1033110806,Fortune
Impression,2026/02/27,1057879946,"Truecaller: Caller ID, Blocker"
Impression,2026/02/27,1100285113,"Truecaller: Caller ID, Blocker"
Impression,2026/02/27,1169481983,"Truecaller: Caller ID, Blocker"
Impression,2026/02/27,1177181893,"Truecaller: Caller ID, Blocker"
Impression,2026/02/27,1179953393,"Truecaller: Caller ID, Blocker"
Impression,2026/02/27,1181060023,"Truecaller: Caller ID, Blocker"
Impression,2026/02/27,1182607423,"Truecaller: Caller ID, Blocker"
Impression,2026/02/27,1341199216,"Truecaller: Caller ID, Blocker"
Impression,2026/02/27,1341209576,"Truecaller: Caller ID, Blocker"
Impression,2026/02/27,1341228706,"Truecaller: Caller ID, Blocker"
Impression,2026/02/27,1341248746,"Truecaller: Caller ID, Blocker"
Impression,2026/02/28,1147617044,"Truecaller: Caller ID, Blocker"
Impression,2026/02/28,1177181893,"Truecaller: Caller ID, Blocker"
Impression,2026/02/28,1341199546,"Truecaller: Caller ID, Blocker"
Impression,2026/02/28,1341209576,"Truecaller: Caller ID, Blocker"
Impression,2026/02/28,1341228706,"Truecaller: Caller ID, Blocker"
Impression,2026/02/28,1341372076,"Truecaller: Caller ID, Blocker"
Impression,2026/03/01,1180502753,"Truecaller: Caller ID, Blocker"
Impression,2026/03/01,1182291153,"Truecaller: Caller ID, Blocker"
Impression,2026/03/02,1100884753,"Truecaller: Caller ID, Blocker"
Impression,2026/03/03,1002132656,"Truecaller: Caller ID, Blocker"
Impression,2026/03/03,1361365336,"Truecaller: Caller ID, Blocker"
Impression,2026/03/03,1361495176,"Truecaller: Caller ID, Blocker"
Impression,2026/03/04,1001634226,"Truecaller: Caller ID, Blocker"
Impression,2026/03/04,1002132656,"Truecaller: Caller ID, Blocker"
Impression,2026/03/04,1042848456,allrecipes.com
Impression,2026/03/04,1135080584,allrecipes.com
Impression,2026/03/04,1180502753,"Truecaller: Caller ID, Blocker"
Impression,2026/03/04,1186694913,"Truecaller: Caller ID, Blocker"
Impression,2026/03/05,1042568386,caranddriver.com
Impression,2026/03/05,1043213926,msn.com
Impression,2026/03/05,1058498146,msn.com
Impression,2026/03/05,1081284454,"Truecaller: Caller ID, Blocker"
Impression,2026/03/05,1150307054,"Truecaller: Caller ID, Blocker"
Impression,2026/03/05,1177181893,"Truecaller: Caller ID, Blocker"
Impression,2026/03/05,1180101313,"Truecaller: Caller ID, Blocker"
Impression,2026/03/05,1183789213,msn.com
Impression,2026/03/05,1184995373,msn.com
Impression,2026/03/05,1186694913,"Truecaller: Caller ID, Blocker"
Impression,2026/03/05,1361405566,"Truecaller: Caller ID, Blocker"
Impression,2026/03/05,1361465286,"Truecaller: Caller ID, Blocker"
Impression,2026/03/05,1361505576,"Truecaller: Caller ID, Blocker"
Impression,2026/03/05,1361585186,"Truecaller: Caller ID, Blocker"
Impression,2026/03/05,1361658146,"Truecaller: Caller ID, Blocker"
Impression,2026/03/05,1362340326,msn.com
Impression,2026/03/06,1190290103,"Truecaller: Caller ID, Blocker"
Impression,2026/03/08,1100884753,aljazeera.com
Impression,2026/03/08,1361425386,aljazeera.com
Impression,2026/03/08,1361465286,aljazeera.com
Impression,2026/03/09,1152994694,"Truecaller: Caller ID, Blocker"
Impression,2026/03/09,1176696743,"Truecaller: Caller ID, Blocker"
Impression,2026/03/09,1177181893,"Truecaller: Caller ID, Blocker"
Impression,2026/03/09,1181202163,"Truecaller: Caller ID, Blocker"
Impression,2026/03/09,1182706683,"Truecaller: Caller ID, Blocker"
Impression,2026/03/09,1341199546,"Truecaller: Caller ID, Blocker"
Impression,2026/03/09,1357550066,"Truecaller: Caller ID, Blocker"
Impression,2026/03/09,1361485266,"Truecaller: Caller ID, Blocker"
Impression,2026/03/09,1362951266,"Truecaller: Caller ID, Blocker"
Impression,2026/03/09,1364340426,"Truecaller: Caller ID, Blocker"
Impression,2026/03/10,1058097936,Fortune
Impression,2026/03/10,1100285103,"Truecaller: Caller ID, Blocker"
Impression,2026/03/10,1100285113,"Truecaller: Caller ID, Blocker"
Impression,2026/03/10,1156295726,Fortune
Impression,2026/03/12,1370249936,"Truecaller: Caller ID, Blocker"
Impression,2026/03/13,1002132656,"Truecaller: Caller ID, Blocker"
Impression,2026/03/13,1081284454,"Truecaller: Caller ID, Blocker"
Impression,2026/03/13,1193294203,"Truecaller: Caller ID, Blocker"
Impression,2026/03/13,1230229724,"Truecaller: Caller ID, Blocker"
Impression,2026/03/13,1231105534,"Truecaller: Caller ID, Blocker"
Impression,2026/03/13,1231796424,"Truecaller: Caller ID, Blocker"
Impression,2026/03/13,1231796424,aljazeera.com
Impression,2026/03/14,1230229724,aljazeera.com
Impression,2026/03/16,1001634226,"Truecaller: Caller ID, Blocker"
Impression,2026/03/16,1042568386,msn.com
Impression,2026/03/16,1063386086,msn.com
Impression,2026/03/16,1100285103,"Truecaller: Caller ID, Blocker"
Impression,2026/03/16,1169481983,"Truecaller: Caller ID, Blocker"
Impression,2026/03/16,1186694913,"Truecaller: Caller ID, Blocker"
Impression,2026/03/16,1192895143,"Truecaller: Caller ID, Blocker"
Impression,2026/03/16,1193330433,msn.com
Impression,2026/03/16,1193879843,msn.com
Impression,2026/03/16,1364178746,msn.com
Impression,2026/03/16,1364267186,msn.com
Impression,2026/03/16,1364286886,msn.com
Impression,2026/03/16,1364305606,msn.com
Impression,2026/03/16,1364315016,msn.com
Impression,2026/03/16,1364322226,msn.com
Impression,2026/03/16,1364340426,msn.com
Impression,2026/03/17,1042568386,msn.com
Impression,2026/03/17,1043213926,msn.com
Impression,2026/03/17,1100285113,"Truecaller: Caller ID, Blocker"
Impression,2026/03/17,1134188154,msn.com
Impression,2026/03/17,1154091914,msn.com
Impression,2026/03/17,1176696743,msn.com
Impression,2026/03/17,1181719713,msn.com
Impression,2026/03/17,1186682793,"Truecaller: Caller ID, Blocker"
Impression,2026/03/17,1186682793,msn.com
Impression,2026/03/17,1186694913,msn.com
Impression,2026/03/17,1188683383,msn.com
Impression,2026/03/17,1190712323,msn.com
Impression,2026/03/17,1191093333,msn.com
Impression,2026/03/17,1191830073,msn.com
Impression,2026/03/17,1191896703,msn.com
Impression,2026/03/17,1192113743,msn.com
Impression,2026/03/17,1192333303,msn.com
Impression,2026/03/17,1192433263,msn.com
Impression,2026/03/17,1193191683,"Truecaller: Caller ID, Blocker"
Impression,2026/03/17,1193231013,msn.com
Impression,2026/03/17,1193294203,msn.com
Impression,2026/03/17,1229000214,msn.com
Impression,2026/03/17,1229581034,msn.com
Impression,2026/03/17,1229887934,msn.com
Impression,2026/03/17,1230501244,msn.com
Impression,2026/03/17,1331380546,msn.com
Impression,2026/03/17,1332780156,"Truecaller: Caller ID, Blocker"
Impression,2026/03/17,1372766816,"Truecaller: Caller ID, Blocker"
Impression,2026/03/17,1372776376,"Truecaller: Caller ID, Blocker"
Impression,2026/03/19,1107681873,Fortune
Impression,2026/03/20,1154091914,"Truecaller: Caller ID, Blocker"
Impression,2026/03/20,1187682553,"Truecaller: Caller ID, Blocker"
Impression,2026/03/20,1189781693,"Truecaller: Caller ID, Blocker"
Impression,2026/03/20,1192945673,"Truecaller: Caller ID, Blocker"
Impression,2026/03/20,1227192144,"Truecaller: Caller ID, Blocker"
Impression,2026/03/20,1357550066,"Truecaller: Caller ID, Blocker"
Impression,2026/03/20,1371769626,"Truecaller: Caller ID, Blocker"
Impression,2026/03/21,1107781883,sportbible.com
Impression,2026/03/21,1230229724,merriam-webster.com
Impression,2026/03/21,1359331006,merriam-webster.com
Impression,2026/03/21,1372911556,"Truecaller: Caller ID, Blocker"
Impression,2026/03/23,1002132656,"Truecaller: Caller ID, Blocker"
Impression,2026/03/23,1002632756,"Truecaller: Caller ID, Blocker"
Impression,2026/03/23,1100285113,"Truecaller: Caller ID, Blocker"
Impression,2026/03/23,1135080584,msn.com
Impression,2026/03/23,1192895143,msn.com
Impression,2026/03/23,1193330433,msn.com
Impression,2026/03/23,1193646623,msn.com
Impression,2026/03/23,1193879843,msn.com
Impression,2026/03/23,1194494643,msn.com
Impression,2026/03/23,1195626063,"Truecaller: Caller ID, Blocker"
Impression,2026/03/23,1231915354,"Truecaller: Caller ID, Blocker"
Impression,2026/03/23,1372699756,"Truecaller: Caller ID, Blocker"
Impression,2026/03/23,1372699756,msn.com
Impression,2026/03/23,1372737136,msn.com
Impression,2026/03/23,1372747516,msn.com
Impression,2026/03/23,1372776386,"Truecaller: Caller ID, Blocker"
Impression,2026/03/23,1372842666,msn.com
Impression,2026/03/23,1372872576,msn.com
Impression,2026/03/23,1377108926,msn.com
Impression,2026/03/24,1100285113,"Truecaller: Caller ID, Blocker"
Impression,2026/03/24,1176696743,"Truecaller: Caller ID, Blocker"
Impression,2026/03/24,1192113743,"Truecaller: Caller ID, Blocker"
Impression,2026/03/24,1196706253,"Truecaller: Caller ID, Blocker"
Impression,2026/03/24,1232190644,"Truecaller: Caller ID, Blocker"
Impression,2026/03/24,1234424164,"Truecaller: Caller ID, Blocker"
Impression,2026/03/24,1332780156,"Truecaller: Caller ID, Blocker"
Impression,2026/03/24,1377333706,"Truecaller: Caller ID, Blocker"
Impression,2026/03/25,1100285103,"Truecaller: Caller ID, Blocker"
Impression,2026/03/25,1100884753,"Truecaller: Caller ID, Blocker"
Impression,2026/03/25,1196438583,"Truecaller: Caller ID, Blocker"
Impression,2026/03/25,1332780156,"Truecaller: Caller ID, Blocker"
Impression,2026/03/25,1377392386,"Truecaller: Caller ID, Blocker"
Impression,2026/03/26,1189894673,"Truecaller: Caller ID, Blocker"
Impression,2026/03/26,1192333303,"Truecaller: Caller ID, Blocker"
Impression,2026/03/26,1193231013,"Truecaller: Caller ID, Blocker"
Impression,2026/03/26,1199381283,"Truecaller: Caller ID, Blocker"
Impression,2026/03/26,1227192144,"Truecaller: Caller ID, Blocker"
Impression,2026/03/26,1233819974,"Truecaller: Caller ID, Blocker"
Impression,2026/03/26,1332780156,"Truecaller: Caller ID, Blocker"
Impression,2026/03/26,1377324326,"Truecaller: Caller ID, Blocker"
Impression,2026/03/26,1377362756,"Truecaller: Caller ID, Blocker"
Impression,2026/03/26,1377430666,"Truecaller: Caller ID, Blocker"
Impression,2026/03/27,1174812583,"Truecaller: Caller ID, Blocker"
Impression,2026/03/27,1185792443,"Truecaller: Caller ID, Blocker"
Impression,2026/03/27,1378225636,"Truecaller: Caller ID, Blocker"
Impression,2026/03/29,1138329494,Happy Color® – Color by Number
Impression,2026/03/29,1197180933,Happy Color® – Color by Number
Impression,2026/03/29,1238285744,"Truecaller: Caller ID, Blocker"
Impression,2026/03/29,1380849286,Happy Color® – Color by Number
Impression,2026/03/30,1001634226,"Truecaller: Caller ID, Blocker"
Impression,2026/03/30,1177181893,"Truecaller: Caller ID, Blocker"
Impression,2026/03/30,1377277986,"Truecaller: Caller ID, Blocker"
Impression,2026/03/31,1058097936,football365.com
Impression,2026/04/01,1196832003,"Truecaller: Caller ID, Blocker"
Impression,2026/04/01,1200307703,"Truecaller: Caller ID, Blocker"
Impression,2026/04/02,1002132656,"Truecaller: Caller ID, Blocker"
Impression,2026/04/02,1177181893,"Truecaller: Caller ID, Blocker"
Impression,2026/04/02,1189781703,"Truecaller: Caller ID, Blocker"
Impression,2026/04/02,1193231013,"Truecaller: Caller ID, Blocker"
Impression,2026/04/02,1193330433,msn.com
Impression,2026/04/02,1198424473,"Truecaller: Caller ID, Blocker"
Impression,2026/04/02,1199980663,"Truecaller: Caller ID, Blocker"
Impression,2026/04/02,1200516183,"Truecaller: Caller ID, Blocker"
Impression,2026/04/02,1201296763,"Truecaller: Caller ID, Blocker"
Impression,2026/04/02,1236787344,msn.com
Impression,2026/04/02,1237090784,"Truecaller: Caller ID, Blocker"
Impression,2026/04/03,1378410396,"Truecaller: Caller ID, Blocker"
Impression,2026/04/06,1035682716,themusicman.uk
Impression,2026/04/06,1181309473,themusicman.uk
Impression,2026/04/06,1196438583,"Truecaller: Caller ID, Blocker"
Impression,2026/04/06,1233020634,themusicman.uk
Impression,2026/04/06,1237033264,themusicman.uk
Impression,2026/04/06,1237090784,"Truecaller: Caller ID, Blocker"
Impression,2026/04/06,1237132714,themusicman.uk
Impression,2026/04/06,1359340486,msn.com
Impression,2026/04/08,1196781033,"Truecaller: Caller ID, Blocker"
Impression,2026/04/08,1199083193,"Truecaller: Caller ID, Blocker"
Impression,2026/04/08,1237128624,"Truecaller: Caller ID, Blocker"
Impression,2026/04/08,1378225636,"Truecaller: Caller ID, Blocker"
Impression,2026/04/08,1387721376,"Truecaller: Caller ID, Blocker"
Impression,2026/04/09,1002229596,msn.com
Impression,2026/04/09,1056198186,msn.com
Impression,2026/04/09,1058398786,msn.com
Impression,2026/04/09,1131987994,msn.com
Impression,2026/04/09,1134188154,msn.com
Impression,2026/04/09,1134683984,msn.com
Impression,2026/04/09,1135080584,msn.com
Impression,2026/04/09,1168586173,msn.com
Impression,2026/04/09,1168586173,ntp.msn.com
Impression,2026/04/09,1169286543,goal.com
Impression,2026/04/09,1169986713,goal.com
Impression,2026/04/09,1187782313,msn.com
Impression,2026/04/09,1191553743,msn.com
Impression,2026/04/09,1193330433,msn.com
Impression,2026/04/09,1195020293,msn.com
Impression,2026/04/09,1200609193,goal.com
Impression,2026/04/09,1200942423,msn.com
Impression,2026/04/09,1201296763,msn.com
Impression,2026/04/09,1201306593,msn.com
Impression,2026/04/09,1201480613,msn.com
Impression,2026/04/09,1209890743,msn.com
Impression,2026/04/09,1236911334,msn.com
Impression,2026/04/09,1245683294,goal.com
Impression,2026/04/09,1246381944,msn.com
Impression,2026/04/09,1359340486,msn.com
Impression,2026/04/09,1380822236,msn.com
Impression,2026/04/09,1384446186,msn.com
Impression,2026/04/09,1384493546,msn.com
Impression,2026/04/09,1384493546,ntp.msn.com
Impression,2026/04/09,1387721376,msn.com
Impression,2026/04/09,361999413,msn.com
Impression,2026/04/09,591049823,msn.com
Impression,2026/04/09,911272613,msn.com
Impression,2026/04/10,1168685203,"Truecaller: Caller ID, Blocker"
Impression,2026/04/10,1177181893,"Truecaller: Caller ID, Blocker"
Impression,2026/04/10,1193818483,"Truecaller: Caller ID, Blocker"
Impression,2026/04/10,1198424473,"Truecaller: Caller ID, Blocker"
Impression,2026/04/10,1205891593,"Truecaller: Caller ID, Blocker"
Impression,2026/04/10,1209791023,ntp.msn.com
Impression,2026/04/10,1212784333,"Truecaller: Caller ID, Blocker"
Impression,2026/04/10,1240850764,"Truecaller: Caller ID, Blocker"
Impression,2026/04/10,1389113506,"Truecaller: Caller ID, Blocker"
Impression,2026/04/11,1389113506,"Truecaller: Caller ID, Blocker"
Impression,2026/04/12,1002229596,msn.com
Impression,2026/04/12,1114982873,msn.com
Impression,2026/04/12,1198424473,msn.com
Impression,2026/04/12,1232081654,msn.com
Impression,2026/04/12,1380659726,msn.com
Impression,2026/04/12,230270813,msn.com
Impression,2026/04/13,1042848456,msn.com
Impression,2026/04/13,1210303613,buzzfeed.com
Impression,2026/04/13,1244525724,msn.com
Impression,2026/04/13,672337244,msn.com
Impression,2026/04/14,1175802583,"Truecaller: Caller ID, Blocker"
Impression,2026/04/14,1232190644,msn.com
Impression,2026/04/14,1244525724,"Truecaller: Caller ID, Blocker"
Impression,2026/04/14,1388406736,dailymail.co.uk
Impression,2026/04/14,1389909736,dailymail.co.uk
Impression,2026/04/14,1389949676,msn.com
Impression,2026/04/14,1390009406,msn.com
Impression,2026/04/15,1198097033,"Truecaller: Caller ID, Blocker"
Impression,2026/04/15,1212489473,"Truecaller: Caller ID, Blocker"
Impression,2026/04/15,1246595694,"Truecaller: Caller ID, Blocker"
Impression,2026/04/15,1387721376,"Truecaller: Caller ID, Blocker"
Impression,2026/04/15,1389849466,ntp.msn.com
Impression,2026/04/15,1389849486,"Truecaller: Caller ID, Blocker"
Impression,2026/04/15,1390080316,ntp.msn.com
Impression,2026/04/16,1174012733,"Truecaller: Caller ID, Blocker"
Impression,2026/04/16,1193330433,"Truecaller: Caller ID, Blocker"
Impression,2026/04/16,1212489473,"Truecaller: Caller ID, Blocker"
Impression,2026/04/16,1214884633,"Truecaller: Caller ID, Blocker"
Impression,2026/04/16,1215183893,aljazeera.com
Impression,2026/04/16,1215883513,"Truecaller: Caller ID, Blocker"
Impression,2026/04/16,1215907063,express.co.uk
Impression,2026/04/16,1216085623,"Truecaller: Caller ID, Blocker"
Impression,2026/04/16,1216302463,"Truecaller: Caller ID, Blocker"
Impression,2026/04/16,1217681093,"Truecaller: Caller ID, Blocker"
Impression,2026/04/16,1230263664,"Truecaller: Caller ID, Blocker"
Impression,2026/04/16,1231894814,"Truecaller: Caller ID, Blocker"
Impression,2026/04/16,1275985654,"Truecaller: Caller ID, Blocker"
Impression,2026/04/16,1276587214,"Truecaller: Caller ID, Blocker"
Impression,2026/04/16,1277287384,"Truecaller: Caller ID, Blocker"
Impression,2026/04/16,1387721366,"Truecaller: Caller ID, Blocker"
Impression,2026/04/16,1387721376,"Truecaller: Caller ID, Blocker"
Impression,2026/04/16,1388161566,express.co.uk
Impression,2026/04/16,1388444606,aljazeera.com
Impression,2026/04/16,1389909696,"Truecaller: Caller ID, Blocker"
Impression,2026/04/16,1389929236,"Truecaller: Caller ID, Blocker"
Impression,2026/04/16,1389949646,"Truecaller: Caller ID, Blocker"
Impression,2026/04/16,1389949676,"Truecaller: Caller ID, Blocker"
Impression,2026/04/16,1389959346,"Truecaller: Caller ID, Blocker"
Impression,2026/04/16,1389959356,"Truecaller: Caller ID, Blocker"
Impression,2026/04/16,1390009526,"Truecaller: Caller ID, Blocker"
Impression,2026/04/16,1390028976,"Truecaller: Caller ID, Blocker"
Impression,2026/04/16,1390048766,"Truecaller: Caller ID, Blocker"
Impression,2026/04/16,1390060616,"Truecaller: Caller ID, Blocker"
Impression,2026/04/16,1390076326,"Truecaller: Caller ID, Blocker"
Impression,2026/04/16,1390100176,aljazeera.com
Impression,2026/04/16,1390100226,"Truecaller: Caller ID, Blocker"
Impression,2026/04/17,1057897636,msn.com
Impression,2026/04/17,1058398786,msn.com
Impression,2026/04/17,1070802844,msn.com
Impression,2026/04/17,1132788464,msn.com
Impression,2026/04/17,1193818483,msn.com
Impression,2026/04/17,1198424473,msn.com
Impression,2026/04/17,1214984613,msn.com
Impression,2026/04/17,1217681093,msn.com
Impression,2026/04/17,1229496714,msn.com
Impression,2026/04/17,1230703964,msn.com
Impression,2026/04/17,1276587214,msn.com
Impression,2026/04/17,1389929306,msn.com
Impression,2026/04/17,1389959356,msn.com
Impression,2026/04/17,1390028986,msn.com
Impression,2026/04/18,1057897636,merriam-webster.com
Impression,2026/04/18,1057897636,msn.com
Impression,2026/04/18,1198424473,msn.com
Impression,2026/04/18,1275685724,"Truecaller: Caller ID, Blocker"
Impression,2026/04/18,1389113506,"Truecaller: Caller ID, Blocker"
Impression,2026/04/18,1389113506,merriam-webster.com
Impression,2026/04/19,1042568386,msn.com
Impression,2026/04/19,1213780603,"Truecaller: Caller ID, Blocker"
Impression,2026/04/19,1240850764,"Truecaller: Caller ID, Blocker"
Impression,2026/04/19,1389204466,"Truecaller: Caller ID, Blocker"
Impression,2026/04/20,1218281033,"Truecaller: Caller ID, Blocker"
Impression,2026/04/20,1245528264,"Truecaller: Caller ID, Blocker"
Impression,2026/04/20,1276903244,"Truecaller: Caller ID, Blocker"
Impression,2026/04/21,1070296014,"Truecaller: Caller ID, Blocker"
Impression,2026/04/21,1126488114,"Truecaller: Caller ID, Blocker"
Impression,2026/04/21,1201292393,"Truecaller: Caller ID, Blocker"
Impression,2026/04/21,1205891593,"Truecaller: Caller ID, Blocker"
Impression,2026/04/21,1215186403,"Truecaller: Caller ID, Blocker"
Impression,2026/04/21,1216085623,"Truecaller: Caller ID, Blocker"
Impression,2026/04/21,1216302463,"Truecaller: Caller ID, Blocker"
Impression,2026/04/21,1218182123,"Truecaller: Caller ID, Blocker"
Impression,2026/04/21,1235122504,"Truecaller: Caller ID, Blocker"
Impression,2026/04/21,1276494534,"Truecaller: Caller ID, Blocker"
Impression,2026/04/21,1279293274,"Truecaller: Caller ID, Blocker"
Impression,2026/04/21,1384493546,"Truecaller: Caller ID, Blocker"
Impression,2026/04/21,1389113506,"Truecaller: Caller ID, Blocker"
Impression,2026/04/21,1392890496,"Truecaller: Caller ID, Blocker"
Impression,2026/04/22,1189781713,msn.com
Impression,2026/04/22,1232190644,"Truecaller: Caller ID, Blocker"
Impression,2026/04/22,1278000974,msn.com
Impression,2026/04/22,1278101694,msn.com
Impression,2026/04/23,1119835306,msn.com
Impression,2026/04/23,1134188154,msn.com
Impression,2026/04/23,1134485994,msn.com
Impression,2026/04/23,1134683984,msn.com
Impression,2026/04/23,1220692813,"Truecaller: Caller ID, Blocker"
Impression,2026/04/23,1223089763,msn.com
Impression,2026/04/23,1279700944,"Truecaller: Caller ID, Blocker"
Impression,2026/04/23,1280000854,msn.com
Impression,2026/04/23,1280100864,"Truecaller: Caller ID, Blocker"
Impression,2026/04/23,1280100864,msn.com
Impression,2026/04/23,1280493424,msn.com
Impression,2026/04/23,1280690104,msn.com
Impression,2026/04/23,1280787704,"Truecaller: Caller ID, Blocker"
Impression,2026/04/23,1280787704,msn.com
Impression,2026/04/24,1213084103,"Truecaller: Caller ID, Blocker"
Impression,2026/04/24,1214184223,"Truecaller: Caller ID, Blocker"
Impression,2026/04/24,1395767596,"Truecaller: Caller ID, Blocker"
Impression,2026/04/24,1395926396,"Truecaller: Caller ID, Blocker"
Impression,2026/04/25,1218383843,"Truecaller: Caller ID, Blocker"
Impression,2026/04/25,1222692173,"Truecaller: Caller ID, Blocker"
Impression,2026/04/25,1229496714,football365.com
Impression,2026/04/25,1279700944,"Truecaller: Caller ID, Blocker"
Impression,2026/04/27,1222507483,"Truecaller: Caller ID, Blocker"
Impression,2026/04/27,1229887934,goal.com
Impression,2026/04/28,1224180693,"Truecaller: Caller ID, Blocker"
Impression,2026/04/28,1224380493,"Truecaller: Caller ID, Blocker"
Impression,2026/04/28,1225687173,"Truecaller: Caller ID, Blocker"
Impression,2026/04/28,1251283763,"Truecaller: Caller ID, Blocker"
Impression,2026/04/28,1283189404,"Truecaller: Caller ID, Blocker"
Impression,2026/04/28,1387851346,"Truecaller: Caller ID, Blocker"
Impression,2026/04/28,1395797376,"Truecaller: Caller ID, Blocker"
Impression,2026/04/30,1224380493,msn.com
Impression,2026/04/30,1224996093,msn.com
Impression,2026/04/30,1275685724,"Truecaller: Caller ID, Blocker"
Impression,2026/04/30,1280100864,msn.com
Impression,2026/04/30,1387851346,"Truecaller: Caller ID, Blocker"
Impression,2026/04/30,1392837646,msn.com
Impression,2026/05/01,1216387003,bbc.com
Impression,2026/05/04,1057897636,msn.com
Impression,2026/05/04,1058097936,msn.com
Impression,2026/05/04,1215883513,"Truecaller: Caller ID, Blocker"
Impression,2026/05/04,1220892843,msn.com
Impression,2026/05/04,1224380493,"Truecaller: Caller ID, Blocker"
Impression,2026/05/04,1224380493,msn.com
Impression,2026/05/04,1229200734,msn.com
Impression,2026/05/04,1229496714,msn.com
Impression,2026/05/04,1251503423,msn.com
Impression,2026/05/04,1252123193,"Truecaller: Caller ID, Blocker"
Impression,2026/05/04,1252319703,msn.com
Impression,2026/05/04,1252920103,msn.com
Impression,2026/05/04,1253622643,msn.com
Impression,2026/05/04,1280787704,"Truecaller: Caller ID, Blocker"
Impression,2026/05/05,1035682716,cakesbymk.com
Impression,2026/05/05,1388523416,cakesbymk.com
Impression,2026/05/07,1016537406,"Truecaller: Caller ID, Blocker"
Impression,2026/05/07,1181824333,"Truecaller: Caller ID, Blocker"
Impression,2026/05/07,1200324753,goal.com
Impression,2026/05/07,1217681093,"Truecaller: Caller ID, Blocker"
Impression,2026/05/07,1225687173,"Truecaller: Caller ID, Blocker"
Impression,2026/05/07,1253003523,goal.com
Impression,2026/05/07,1253022093,"Truecaller: Caller ID, Blocker"
Impression,2026/05/07,1253718883,"Truecaller: Caller ID, Blocker"
Impression,2026/05/07,1257782153,"Truecaller: Caller ID, Blocker"
Impression,2026/05/07,1286134594,goal.com
Impression,2026/05/07,1389113506,"Truecaller: Caller ID, Blocker"
Impression,2026/05/08,1057897636,planetrugby.com
Impression,2026/05/08,1388523416,Zen Word® - Relax Puzzle Game
Impression,2026/05/09,1253619943,Zen Word® - Relax Puzzle Game
Impression,2026/05/10,1124588124,Zen Word® - Relax Puzzle Game
Impression,2026/05/10,1156137366,Zen Word® - Relax Puzzle Game
Impression,2026/05/10,1180310213,Zen Word® - Relax Puzzle Game
Impression,2026/05/10,1225187453,Zen Word® - Relax Puzzle Game
Impression,2026/05/10,1229496714,ntp.msn.com
Impression,2026/05/10,1251726203,Zen Word® - Relax Puzzle Game
Impression,2026/05/10,1253203153,Zen Word® - Relax Puzzle Game
Impression,2026/05/10,1257481843,Zen Word® - Relax Puzzle Game
Impression,2026/05/10,1288084544,Zen Word® - Relax Puzzle Game
Impression,2026/05/10,1288305174,Zen Word® - Relax Puzzle Game
Impression,2026/05/10,1383826036,Zen Word® - Relax Puzzle Game
Impression,2026/05/10,1388129466,goal.com
Impression,2026/05/11,1253623163,"Truecaller: Caller ID, Blocker"
Impression,2026/05/11,1260186143,mail.yahoo.com
Impression,2026/05/11,1407539756,Zen Word® - Relax Puzzle Game
Impression,2026/05/11,1407549016,"Truecaller: Caller ID, Blocker"
Impression,2026/05/12,1218883803,"Truecaller: Caller ID, Blocker"
Impression,2026/05/12,1220892843,mail.yahoo.com
Impression,2026/05/12,1224083513,"Truecaller: Caller ID, Blocker"
Impression,2026/05/12,1258597833,mail.yahoo.com
Impression,2026/05/13,1215883513,"Truecaller: Caller ID, Blocker"
Impression,2026/05/13,1220821573,"Truecaller: Caller ID, Blocker"
Impression,2026/05/13,1253119913,"Truecaller: Caller ID, Blocker"
Impression,2026/05/13,1264683153,"Truecaller: Caller ID, Blocker"
Impression,2026/05/14,1253914673,"Truecaller: Caller ID, Blocker"
Impression,2026/05/14,1260186143,"Truecaller: Caller ID, Blocker"
Impression,2026/05/16,1294294664,"Truecaller: Caller ID, Blocker"
Impression,2026/05/16,1295295904,"Truecaller: Caller ID, Blocker"
Impression,2026/05/18,1251503423,msn.com
Impression,2026/05/18,1253622643,msn.com
Impression,2026/05/18,1294294664,msn.com
Impression,2026/05/19,1295295904,"Truecaller: Caller ID, Blocker"
