Date,Type,Link
2026-05-21 15:23:28,LIKE,https://www.linkedin.com/feed/update/urn%3Ali%3AugcPost%3A7463189447749107712
2026-05-20 06:10:05,LIKE,https://www.linkedin.com/feed/update/urn%3Ali%3AugcPost%3A7462311568685301761
2026-05-20 06:09:34,LIKE,https://www.linkedin.com/feed/update/urn%3Ali%3AugcPost%3A7462483575066566656
2026-05-19 15:38:04,LIKE,https://www.linkedin.com/feed/update/urn%3Ali%3AugcPost%3A7462479362253025280
2026-05-18 14:38:04,LIKE,https://www.linkedin.com/feed/update/urn%3Ali%3AugcPost%3A7462138884965949440
2026-05-18 12:53:10,LIKE,https://www.linkedin.com/feed/update/urn%3Ali%3AugcPost%3A7462042476174798848
2026-05-18 06:23:36,LIKE,https://www.linkedin.com/feed/update/urn%3Ali%3Aactivity%3A7460793105005432832
2026-05-17 20:42:25,LIKE,https://www.linkedin.com/feed/update/urn%3Ali%3AugcPost%3A7452670565087293440
2026-05-16 06:02:40,LIKE,https://www.linkedin.com/feed/update/urn%3Ali%3Aactivity%3A7460207229917433857
2026-05-15 20:27:05,LIKE,https://www.linkedin.com/feed/update/urn%3Ali%3AugcPost%3A7460940595813908480
2026-05-15 05:03:34,LIKE,https://www.linkedin.com/feed/update/urn%3Ali%3Aactivity%3A7460668432875749376
2026-05-12 05:42:54,LIKE,https://www.linkedin.com/feed/update/urn%3Ali%3AugcPost%3A7459547675982462976
2026-05-09 13:11:19,LIKE,https://www.linkedin.com/feed/update/urn%3Ali%3Aactivity%3A7458545378049679360
2026-05-08 01:24:28,LIKE,https://www.linkedin.com/feed/update/urn%3Ali%3AugcPost%3A7450819017948155904
2026-05-07 21:10:03,LIKE,https://www.linkedin.com/feed/update/urn%3Ali%3AugcPost%3A7458209642574135296
2026-05-07 21:05:16,LIKE,https://www.linkedin.com/feed/update/urn%3Ali%3AugcPost%3A7458202442569023488
2026-05-06 21:07:39,LIKE,https://www.linkedin.com/feed/update/urn%3Ali%3Aactivity%3A7457659676889956353
2026-05-06 16:08:37,LIKE,https://www.linkedin.com/feed/update/urn%3Ali%3AugcPost%3A7448592986856148992
2026-05-06 15:55:56,LIKE,https://www.linkedin.com/feed/update/urn%3Ali%3Aactivity%3A7457388347263582209
2026-05-05 14:05:03,LIKE,https://www.linkedin.com/feed/update/urn%3Ali%3AugcPost%3A7457387755279585280
2026-05-05 07:06:50,LIKE,https://www.linkedin.com/feed/update/urn%3Ali%3AugcPost%3A7455995070178185216
2026-05-05 06:27:35,LIKE,https://www.linkedin.com/feed/update/urn%3Ali%3AugcPost%3A7457041958109188096
2026-05-04 10:59:04,LIKE,https://www.linkedin.com/feed/update/urn%3Ali%3Aactivity%3A7456981429000749056
2026-05-01 19:03:50,LIKE,https://www.linkedin.com/feed/update/urn%3Ali%3AugcPost%3A7456014183638347777
2026-04-30 14:52:12,LIKE,https://www.linkedin.com/feed/update/urn%3Ali%3AugcPost%3A7455226840207486976
2026-04-30 14:11:26,LIKE,https://www.linkedin.com/feed/update/urn%3Ali%3Aactivity%3A7455611111174836224
2026-04-29 17:23:50,LIKE,https://www.linkedin.com/feed/update/urn%3Ali%3AugcPost%3A7455166960679559168
2026-04-28 19:04:46,LIKE,https://www.linkedin.com/feed/update/urn%3Ali%3Aactivity%3A7454877117449707521
2026-04-28 14:01:58,LIKE,https://www.linkedin.com/feed/update/urn%3Ali%3Aactivity%3A7454805610279178240
2026-04-24 22:51:44,LIKE,https://www.linkedin.com/feed/update/urn%3Ali%3Aactivity%3A7453382285623533568
2026-04-24 20:33:26,LIKE,https://www.linkedin.com/feed/update/urn%3Ali%3AugcPost%3A7453511389182226432
2026-04-24 12:22:11,LIKE,https://www.linkedin.com/feed/update/urn%3Ali%3AugcPost%3A7453348564291768320
2026-04-24 10:23:11,LIKE,https://www.linkedin.com/feed/update/urn%3Ali%3Aactivity%3A7453316353265954817
2026-04-24 05:41:19,LIKE,https://www.linkedin.com/feed/update/urn%3Ali%3AugcPost%3A7453314645597143040
2026-04-23 15:20:43,LIKE,https://www.linkedin.com/feed/update/urn%3Ali%3AugcPost%3A7453019954095853569
2026-04-22 11:02:06,LIKE,https://www.linkedin.com/feed/update/urn%3Ali%3AugcPost%3A7452399225344040960
2026-04-22 08:50:59,LIKE,https://www.linkedin.com/feed/update/urn%3Ali%3AugcPost%3A7452631183395393537
2026-04-21 08:49:46,LIKE,https://www.linkedin.com/feed/update/urn%3Ali%3Aactivity%3A7452018408235331584
2026-04-21 08:26:34,LIKE,https://www.linkedin.com/feed/update/urn%3Ali%3Aactivity%3A7452269318861406208
2026-04-20 18:40:55,LIKE,https://www.linkedin.com/feed/update/urn%3Ali%3AugcPost%3A7452046918534434816
2026-04-20 13:10:43,LIKE,https://www.linkedin.com/feed/update/urn%3Ali%3AugcPost%3A7451967873847242752
2026-04-19 17:41:39,LIKE,https://www.linkedin.com/feed/update/urn%3Ali%3AugcPost%3A7447937428868390912?commentUrn=urn%3Ali%3Acomment%3A%28ugcPost%3A7447937428868390912%2C7450074923584196608%29
2026-04-18 07:56:58,LIKE,https://www.linkedin.com/feed/update/urn%3Ali%3AugcPost%3A7450976342352744448
2026-04-17 19:18:37,LIKE,https://www.linkedin.com/feed/update/urn%3Ali%3AugcPost%3A7447660821863673856
2026-04-17 19:17:51,LIKE,https://www.linkedin.com/feed/update/urn%3Ali%3AugcPost%3A7450842477760049153
2026-04-17 11:08:11,LIKE,https://www.linkedin.com/feed/update/urn%3Ali%3Aactivity%3A7450862333632929792
2026-04-17 10:25:27,LIKE,https://www.linkedin.com/feed/update/urn%3Ali%3AugcPost%3A7450829845326012417
2026-04-15 09:07:02,LIKE,https://www.linkedin.com/feed/update/urn%3Ali%3AugcPost%3A7449526575387058177
2026-04-14 21:40:42,LIKE,https://www.linkedin.com/feed/update/urn%3Ali%3AugcPost%3A7449571991503847424
2026-04-14 21:39:51,LIKE,https://www.linkedin.com/feed/update/urn%3Ali%3AugcPost%3A7449914878108233728
2026-04-13 15:34:14,LIKE,https://www.linkedin.com/feed/update/urn%3Ali%3Aactivity%3A7449414285694226432
2026-04-13 06:35:49,LIKE,https://www.linkedin.com/feed/update/urn%3Ali%3Aactivity%3A7439283449292701697
2026-04-12 19:45:43,LIKE,https://www.linkedin.com/feed/update/urn%3Ali%3AugcPost%3A7439938620817432576
2026-04-12 11:28:24,LIKE,https://www.linkedin.com/feed/update/urn%3Ali%3AugcPost%3A7448855751453810688
2026-04-09 10:26:26,LIKE,https://www.linkedin.com/feed/update/urn%3Ali%3AugcPost%3A7447937428868390912
2026-04-04 17:30:22,LIKE,https://www.linkedin.com/feed/update/urn%3Ali%3AugcPost%3A7445716849176236033
2026-04-04 17:18:00,LIKE,https://www.linkedin.com/feed/update/urn%3Ali%3AugcPost%3A7439926786852904960
2026-04-03 12:10:31,LIKE,https://www.linkedin.com/feed/update/urn%3Ali%3Aactivity%3A7445741962994954240
2026-04-03 08:44:10,LIKE,https://www.linkedin.com/feed/update/urn%3Ali%3Aactivity%3A7445413493471879168
2026-04-03 08:40:35,LIKE,https://www.linkedin.com/feed/update/urn%3Ali%3Aactivity%3A7445734254229213184
2026-04-01 18:28:40,LIKE,https://www.linkedin.com/feed/update/urn%3Ali%3AugcPost%3A7442853731307790336
2026-04-01 15:04:45,LIKE,https://www.linkedin.com/feed/update/urn%3Ali%3Aactivity%3A7445107756547743744
2026-03-31 20:31:06,LIKE,https://www.linkedin.com/feed/update/urn%3Ali%3AugcPost%3A7444683563897233408
2026-03-31 12:46:02,LIKE,https://www.linkedin.com/feed/update/urn%3Ali%3AgroupPost%3A9041544-7444270112695779328
2026-03-29 20:42:05,LIKE,https://www.linkedin.com/feed/update/urn%3Ali%3AugcPost%3A7442186493693005826
2026-03-29 20:41:26,LIKE,https://www.linkedin.com/feed/update/urn%3Ali%3AugcPost%3A7442489661446451201
2026-03-28 18:26:01,LIKE,https://www.linkedin.com/feed/update/urn%3Ali%3AugcPost%3A7443637089616920576
2026-03-27 19:50:18,LIKE,https://www.linkedin.com/feed/update/urn%3Ali%3Aactivity%3A7435774055603085312
2026-03-27 19:48:51,LIKE,https://www.linkedin.com/feed/update/urn%3Ali%3Aactivity%3A7434880870794252289
2026-03-27 17:10:08,LIKE,https://www.linkedin.com/feed/update/urn%3Ali%3AugcPost%3A7434492501509496832
2026-03-27 16:09:35,LIKE,https://www.linkedin.com/feed/update/urn%3Ali%3AugcPost%3A7443272232648454144
2026-03-27 06:00:25,LIKE,https://www.linkedin.com/feed/update/urn%3Ali%3AugcPost%3A7443081029625503745
2026-03-25 13:13:52,LIKE,https://www.linkedin.com/feed/update/urn%3Ali%3AugcPost%3A7442548832309022720
2026-03-24 15:30:59,LIKE,https://www.linkedin.com/feed/update/urn%3Ali%3AugcPost%3A7441069516450717696
2026-03-23 13:53:11,LIKE,https://www.linkedin.com/feed/update/urn%3Ali%3AugcPost%3A7441803989911867393
2026-03-17 22:05:22,LIKE,https://www.linkedin.com/feed/update/urn%3Ali%3Aactivity%3A7430139836365344768
2026-03-17 14:14:12,LIKE,https://www.linkedin.com/feed/update/urn%3Ali%3AugcPost%3A7439574488817762305
2026-03-17 14:12:10,LIKE,https://www.linkedin.com/feed/update/urn%3Ali%3AugcPost%3A7439622361538011137
2026-03-14 06:34:51,LIKE,https://www.linkedin.com/feed/update/urn%3Ali%3Aactivity%3A7438251577569730562
2026-03-06 05:58:56,LIKE,https://www.linkedin.com/feed/update/urn%3Ali%3Aactivity%3A7435286965585039360
2026-03-03 12:00:56,LIKE,https://www.linkedin.com/feed/update/urn%3Ali%3AugcPost%3A7434513186587873280
2026-03-02 18:51:31,LIKE,https://www.linkedin.com/feed/update/urn%3Ali%3AugcPost%3A7433181161561964544
2026-03-02 12:09:44,LIKE,https://www.linkedin.com/feed/update/urn%3Ali%3AugcPost%3A7434196392321044480
2026-02-26 19:56:52,LIKE,https://www.linkedin.com/feed/update/urn%3Ali%3Aactivity%3A7424384256556040192
2026-02-26 19:56:46,LIKE,https://www.linkedin.com/feed/update/urn%3Ali%3Aactivity%3A7424379922669998080
2026-02-24 16:37:59,LIKE,https://www.linkedin.com/feed/update/urn%3Ali%3Aactivity%3A7431695231827378176
2026-02-24 16:18:52,LIKE,https://www.linkedin.com/feed/update/urn%3Ali%3Aactivity%3A7431991209771847681
2026-02-24 16:18:22,LIKE,https://www.linkedin.com/feed/update/urn%3Ali%3AugcPost%3A7431953664241672192
2026-02-24 16:18:16,LIKE,https://www.linkedin.com/feed/update/urn%3Ali%3AugcPost%3A7431991914070999041
2026-02-22 21:56:33,LIKE,https://www.linkedin.com/feed/update/urn%3Ali%3Aactivity%3A7429949355752734720
2026-02-22 08:04:51,LIKE,https://www.linkedin.com/feed/update/urn%3Ali%3Aactivity%3A7422992121529303040
2026-02-20 20:30:29,LIKE,https://www.linkedin.com/feed/update/urn%3Ali%3AugcPost%3A7422202073938616320
2026-02-20 08:20:52,LIKE,https://www.linkedin.com/feed/update/urn%3Ali%3AugcPost%3A7422201047424835584
2026-02-19 19:50:27,LIKE,https://www.linkedin.com/feed/update/urn%3Ali%3Aactivity%3A7429945595685056512
2026-02-19 19:48:51,LIKE,https://www.linkedin.com/feed/update/urn%3Ali%3Aactivity%3A7429937228593750016
2026-02-18 10:31:15,LIKE,https://www.linkedin.com/feed/update/urn%3Ali%3AugcPost%3A7429818168866439169
2026-02-17 09:53:23,LIKE,https://www.linkedin.com/feed/update/urn%3Ali%3Aactivity%3A7429445767120998400
2026-02-16 13:45:28,LIKE,https://www.linkedin.com/feed/update/urn%3Ali%3Aactivity%3A7429138075525484544
2026-02-12 12:42:05,LIKE,https://www.linkedin.com/feed/update/urn%3Ali%3Aactivity%3A7427683535924125696
2026-02-12 07:01:23,LIKE,https://www.linkedin.com/feed/update/urn%3Ali%3Aactivity%3A7424275149954179072
2026-02-12 07:00:13,LIKE,https://www.linkedin.com/feed/update/urn%3Ali%3Aactivity%3A7427587228446433280
2026-02-12 06:59:40,LIKE,https://www.linkedin.com/feed/update/urn%3Ali%3AugcPost%3A7427600177512812544
2026-02-10 20:57:24,LIKE,https://www.linkedin.com/feed/update/urn%3Ali%3Aactivity%3A7427035729467420672
2026-02-09 15:08:37,LIKE,https://www.linkedin.com/feed/update/urn%3Ali%3AugcPost%3A7426616721806872577
2026-02-09 13:00:21,LIKE,https://www.linkedin.com/feed/update/urn%3Ali%3AugcPost%3A7426602665918427136
2026-02-09 11:31:41,LIKE,https://www.linkedin.com/feed/update/urn%3Ali%3Aactivity%3A7426569332656320513
2026-02-08 14:28:17,LIKE,https://www.linkedin.com/feed/update/urn%3Ali%3Aactivity%3A7426226844682665984
2026-02-05 09:11:50,LIKE,https://www.linkedin.com/feed/update/urn%3Ali%3Aactivity%3A7425089572054691840
2026-02-05 05:53:17,LIKE,https://www.linkedin.com/feed/update/urn%3Ali%3Aactivity%3A7424776648190922755
2026-02-03 17:15:04,LIKE,https://www.linkedin.com/feed/update/urn%3Ali%3Aactivity%3A7424481830915137536
2026-02-03 17:09:33,LIKE,https://www.linkedin.com/feed/update/urn%3Ali%3AugcPost%3A7424373724944125952
2026-01-30 13:23:56,LIKE,https://www.linkedin.com/feed/update/urn%3Ali%3Aactivity%3A7422950463563661312
2026-01-30 13:23:50,LIKE,https://www.linkedin.com/feed/update/urn%3Ali%3Aactivity%3A7422945423981445120
2026-01-29 11:24:36,LIKE,https://www.linkedin.com/feed/update/urn%3Ali%3AugcPost%3A7422595630683840512
2026-01-28 20:25:00,LIKE,https://www.linkedin.com/feed/update/urn%3Ali%3AugcPost%3A7421943056892928000
2026-01-28 16:41:14,LIKE,https://www.linkedin.com/feed/update/urn%3Ali%3Aactivity%3A7422201890836434944
2026-01-28 16:40:49,LIKE,https://www.linkedin.com/feed/update/urn%3Ali%3AugcPost%3A7422187830719766528
2026-01-28 03:06:16,LIKE,https://www.linkedin.com/feed/update/urn%3Ali%3AugcPost%3A7421956420021100545
2026-01-27 16:01:47,LIKE,https://www.linkedin.com/feed/update/urn%3Ali%3Aactivity%3A7421832140914384896
2026-01-26 15:04:29,LIKE,https://www.linkedin.com/feed/update/urn%3Ali%3AugcPost%3A7421509240516849665
2026-01-23 12:35:22,LIKE,https://www.linkedin.com/feed/update/urn%3Ali%3AugcPost%3A7416429034965946368
2026-01-23 12:34:52,LIKE,https://www.linkedin.com/feed/update/urn%3Ali%3AugcPost%3A7420003136574140416
2026-01-22 20:12:41,LIKE,https://www.linkedin.com/feed/update/urn%3Ali%3Aactivity%3A7412192888668823552
2026-01-22 19:01:13,LIKE,https://www.linkedin.com/feed/update/urn%3Ali%3Aactivity%3A7420178196609990657
2026-01-22 12:00:37,LIKE,https://www.linkedin.com/feed/update/urn%3Ali%3AugcPost%3A7419811334323666944
2026-01-22 08:52:28,LIKE,https://www.linkedin.com/feed/update/urn%3Ali%3AugcPost%3A7419847341857263618
2026-01-22 07:45:35,LIKE,https://www.linkedin.com/feed/update/urn%3Ali%3Aactivity%3A7419748761603608576?commentUrn=urn%3Ali%3Acomment%3A%28activity%3A7419748761603608576%2C7419770185408233472%29
2026-01-21 18:53:58,LIKE,https://www.linkedin.com/feed/update/urn%3Ali%3AugcPost%3A7419772686391828482
2026-01-20 11:42:33,LIKE,https://www.linkedin.com/feed/update/urn%3Ali%3AugcPost%3A7402705418541608963
2026-01-20 11:40:04,LIKE,https://www.linkedin.com/feed/update/urn%3Ali%3AugcPost%3A7372162602879188992
2026-01-20 11:39:15,LIKE,https://www.linkedin.com/feed/update/urn%3Ali%3Aactivity%3A7419300231680393216
2026-01-20 11:29:08,LIKE,https://www.linkedin.com/feed/update/urn%3Ali%3AugcPost%3A7419323482888429569
2026-01-19 19:21:56,LIKE,https://www.linkedin.com/feed/update/urn%3Ali%3Aactivity%3A7416764634382319616
2026-01-19 19:12:32,LIKE,https://www.linkedin.com/feed/update/urn%3Ali%3AugcPost%3A7418942876405051394
2026-01-15 10:19:50,LIKE,https://www.linkedin.com/feed/update/urn%3Ali%3Aactivity%3A7407464392327520257
2026-01-15 10:17:43,LIKE,https://www.linkedin.com/feed/update/urn%3Ali%3Aactivity%3A7417494514107383808
2026-01-12 19:14:22,LIKE,https://www.linkedin.com/feed/update/urn%3Ali%3Aactivity%3A7411769011086163968
2026-01-12 15:17:28,LIKE,https://www.linkedin.com/feed/update/urn%3Ali%3Aactivity%3A7416357995548241920
2026-01-12 14:29:43,LIKE,https://www.linkedin.com/feed/update/urn%3Ali%3AugcPost%3A7416402462959452160
2026-01-10 20:45:29,LIKE,https://www.linkedin.com/feed/update/urn%3Ali%3Aactivity%3A7415655092483317760
2026-01-07 14:37:00,LIKE,https://www.linkedin.com/feed/update/urn%3Ali%3Aactivity%3A7414226453090795521
2026-01-06 07:27:09,LIKE,https://www.linkedin.com/feed/update/urn%3Ali%3AugcPost%3A7414057032523116545
2025-12-31 09:49:15,LIKE,https://www.linkedin.com/feed/update/urn%3Ali%3Aactivity%3A7411992210713477120
2025-12-30 13:18:36,LIKE,https://www.linkedin.com/feed/update/urn%3Ali%3AugcPost%3A7411335201982705664
2025-12-28 21:58:03,LIKE,https://www.linkedin.com/feed/update/urn%3Ali%3AugcPost%3A7401514222137819141
2025-12-25 23:57:21,LIKE,https://www.linkedin.com/feed/update/urn%3Ali%3Aactivity%3A7409850472024657920
2025-12-23 22:13:58,LIKE,https://www.linkedin.com/feed/update/urn%3Ali%3AugcPost%3A7401522843286536193
2025-12-23 22:12:18,LIKE,https://www.linkedin.com/feed/update/urn%3Ali%3AugcPost%3A7399857122483601408
2025-12-23 22:06:05,LIKE,https://www.linkedin.com/feed/update/urn%3Ali%3Aactivity%3A7407106934883057664
2025-12-23 22:05:21,LIKE,https://www.linkedin.com/feed/update/urn%3Ali%3Aactivity%3A7400259873088872448
2025-12-23 13:44:02,LIKE,https://www.linkedin.com/feed/update/urn%3Ali%3AugcPost%3A7404865823971995649
2025-12-22 22:17:07,LIKE,https://www.linkedin.com/feed/update/urn%3Ali%3Aactivity%3A7405168648065339392
2025-12-22 11:19:48,LIKE,https://www.linkedin.com/feed/update/urn%3Ali%3AugcPost%3A7405222919317934081
2025-12-22 07:47:34,LIKE,https://www.linkedin.com/feed/update/urn%3Ali%3AugcPost%3A7404852066587869184
2025-12-17 11:46:47,LIKE,https://www.linkedin.com/feed/update/urn%3Ali%3AugcPost%3A7406687240577331200
2025-12-17 11:46:44,LIKE,https://www.linkedin.com/feed/update/urn%3Ali%3AugcPost%3A7405621214435856384
2025-12-17 11:46:02,LIKE,https://www.linkedin.com/feed/update/urn%3Ali%3AugcPost%3A7407012990954221568
2025-12-15 15:56:14,LIKE,https://www.linkedin.com/feed/update/urn%3Ali%3AugcPost%3A7400093932409417728
2025-12-15 12:21:13,LIKE,https://www.linkedin.com/feed/update/urn%3Ali%3AugcPost%3A7404893422983274496
2025-12-15 11:34:12,LIKE,https://www.linkedin.com/feed/update/urn%3Ali%3AugcPost%3A7398706548832808960
2025-12-15 11:34:01,LIKE,https://www.linkedin.com/feed/update/urn%3Ali%3AugcPost%3A7398829955599544321
2025-12-15 11:27:47,LIKE,https://www.linkedin.com/feed/update/urn%3Ali%3Aactivity%3A7404803428138479616
2025-12-15 11:26:53,LIKE,https://www.linkedin.com/feed/update/urn%3Ali%3Aactivity%3A7396167456651718656
2025-12-10 17:49:33,LIKE,https://www.linkedin.com/feed/update/urn%3Ali%3AugcPost%3A7404195950170218496
2025-12-10 14:58:57,LIKE,https://www.linkedin.com/feed/update/urn%3Ali%3AugcPost%3A7404140893676535808
2025-12-06 15:52:58,LIKE,https://www.linkedin.com/feed/update/urn%3Ali%3AugcPost%3A7402593178362494976
2025-12-05 11:41:20,LIKE,https://www.linkedin.com/feed/update/urn%3Ali%3Aactivity%3A7401639633542877184
2025-11-29 18:51:40,LIKE,https://www.linkedin.com/feed/update/urn%3Ali%3Aactivity%3A7399733472195690496
2025-11-26 21:24:52,LIKE,https://www.linkedin.com/feed/update/urn%3Ali%3Aactivity%3A7399468663130648576
2025-11-26 15:35:18,LIKE,https://www.linkedin.com/feed/update/urn%3Ali%3AugcPost%3A7399397531928920066
2025-11-24 14:25:56,LIKE,https://www.linkedin.com/feed/update/urn%3Ali%3Aactivity%3A7389534022235754496
2025-11-23 20:00:06,LIKE,https://www.linkedin.com/feed/update/urn%3Ali%3Aactivity%3A7398375511833432066
2025-11-19 10:49:58,LIKE,https://www.linkedin.com/feed/update/urn%3Ali%3Aactivity%3A7394389319290966016
2025-11-19 10:49:15,LIKE,https://www.linkedin.com/feed/update/urn%3Ali%3Aactivity%3A7396637243165253632
2025-11-16 23:53:49,LIKE,https://www.linkedin.com/feed/update/urn%3Ali%3AugcPost%3A7395857649390563329
2025-11-16 09:44:32,LIKE,https://www.linkedin.com/feed/update/urn%3Ali%3Aactivity%3A7395485473151811584
2025-11-11 19:01:57,LIKE,https://www.linkedin.com/feed/update/urn%3Ali%3AugcPost%3A7392179303754645505
2025-11-06 08:31:31,LIKE,https://www.linkedin.com/feed/update/urn%3Ali%3Aactivity%3A7390027932015935488
2025-11-04 12:49:33,LIKE,https://www.linkedin.com/feed/update/urn%3Ali%3AugcPost%3A7391182009810718720
2025-11-03 13:42:20,LIKE,https://www.linkedin.com/feed/update/urn%3Ali%3AugcPost%3A7390995930331881472
2025-11-02 16:55:18,LIKE,https://www.linkedin.com/feed/update/urn%3Ali%3Aactivity%3A7384476346326073344
2025-10-28 09:59:13,LIKE,https://www.linkedin.com/feed/update/urn%3Ali%3AugcPost%3A7388874391054442496
2025-10-27 21:36:34,LIKE,https://www.linkedin.com/feed/update/urn%3Ali%3AugcPost%3A7384608676302581760
2025-10-24 09:15:42,LIKE,https://www.linkedin.com/feed/update/urn%3Ali%3Aactivity%3A7387133267197665280
2025-10-06 10:49:54,LIKE,https://www.linkedin.com/feed/update/urn%3Ali%3AugcPost%3A7380871224911945728
2025-09-24 09:58:49,LIKE,https://www.linkedin.com/feed/update/urn%3Ali%3Aactivity%3A7231752097250070528
2025-09-24 09:58:42,LIKE,https://www.linkedin.com/feed/update/urn%3Ali%3AugcPost%3A7351953595476471808
2025-09-24 09:58:39,LIKE,https://www.linkedin.com/feed/update/urn%3Ali%3Aactivity%3A7320459788310536192
2025-09-24 09:58:33,LIKE,https://www.linkedin.com/feed/update/urn%3Ali%3Aactivity%3A7360984963523014656
2025-09-24 09:58:29,LIKE,https://www.linkedin.com/feed/update/urn%3Ali%3Aactivity%3A7359840687585902592
2025-09-24 09:58:23,LIKE,https://www.linkedin.com/feed/update/urn%3Ali%3AugcPost%3A7330533110696054784
2025-09-24 09:58:11,LIKE,https://www.linkedin.com/feed/update/urn%3Ali%3AugcPost%3A7341204054670258178
2025-09-21 06:42:16,LIKE,https://www.linkedin.com/feed/update/urn%3Ali%3AugcPost%3A7374449886164996096
2025-08-14 09:35:10,LIKE,https://www.linkedin.com/feed/update/urn%3Ali%3AugcPost%3A7359185093875163138
2025-08-01 20:31:39,LIKE,https://www.linkedin.com/feed/update/urn%3Ali%3AugcPost%3A7356276251159855105
2025-07-29 09:57:27,LIKE,https://www.linkedin.com/feed/update/urn%3Ali%3AugcPost%3A7354126971724873730
2025-07-22 20:10:21,LIKE,https://www.linkedin.com/feed/update/urn%3Ali%3AugcPost%3A7352366212804149249
2025-07-17 13:23:08,LIKE,https://www.linkedin.com/feed/update/urn%3Ali%3AugcPost%3A7351571604960649216
2025-06-26 10:11:07,LIKE,https://www.linkedin.com/feed/update/urn%3Ali%3Aactivity%3A7343569798804439042
2025-06-20 08:12:22,LIKE,https://www.linkedin.com/feed/update/urn%3Ali%3AugcPost%3A7341361814284206082
2025-06-11 23:44:47,LIKE,https://www.linkedin.com/feed/update/urn%3Ali%3Aactivity%3A7338514414196641792
2025-06-04 16:43:46,LIKE,https://www.linkedin.com/feed/update/urn%3Ali%3AugcPost%3A7329147674081890304
2024-12-19 03:26:35,LIKE,https://www.linkedin.com/feed/update/urn%3Ali%3Aactivity%3A7270493125301653504
2024-11-12 17:28:54,LIKE,https://www.linkedin.com/feed/update/urn%3Ali%3AugcPost%3A7257352284076949504
2024-09-12 09:30:59,LIKE,https://www.linkedin.com/feed/update/urn%3Ali%3AugcPost%3A7239907739487883264
2024-05-30 08:49:25,LIKE,https://www.linkedin.com/feed/update/urn%3Ali%3Aactivity%3A7198234104792805376
2023-11-25 01:57:50,LIKE,https://www.linkedin.com/feed/update/urn%3Ali%3AugcPost%3A7130215157087035394
2023-10-07 06:16:52,LIKE,https://www.linkedin.com/feed/update/urn%3Ali%3AugcPost%3A7112650698655215616
2023-04-10 08:55:48,LIKE,https://www.linkedin.com/feed/update/urn%3Ali%3Aactivity%3A7047045264427143168
2022-10-02 01:00:30,LIKE,https://www.linkedin.com/feed/update/urn%3Ali%3Aactivity%3A6980074415229140992
2022-07-26 18:42:32,LIKE,https://www.linkedin.com/feed/update/urn%3Ali%3Aactivity%3A6957687682030276609
2022-03-27 12:24:18,LIKE,https://www.linkedin.com/feed/update/urn%3Ali%3AugcPost%3A6913075351866724352
2021-12-14 07:50:17,LIKE,https://www.linkedin.com/feed/update/urn%3Ali%3Aactivity%3A6874350677850636288
2021-12-14 07:50:05,LIKE,https://www.linkedin.com/feed/update/urn%3Ali%3Aactivity%3A6872468501685116931
2021-06-08 07:26:30,LIKE,https://www.linkedin.com/feed/update/urn%3Ali%3Aactivity%3A6806961072076009472
2021-06-01 20:54:54,LIKE,https://www.linkedin.com/feed/update/urn%3Ali%3Aactivity%3A6805500558686916608
2021-05-29 11:10:19,LIKE,https://www.linkedin.com/feed/update/urn%3Ali%3Aactivity%3A6803689074889654272
2021-05-14 18:54:07,LIKE,https://www.linkedin.com/feed/update/urn%3Ali%3Aactivity%3A6798948263497097216
2021-04-13 09:09:32,LIKE,https://www.linkedin.com/feed/update/urn%3Ali%3Aactivity%3A6787635653413781504
2021-03-24 15:39:42,LIKE,https://www.linkedin.com/feed/update/urn%3Ali%3Aactivity%3A6780096974466105344
2021-03-18 13:13:05,LIKE,https://www.linkedin.com/feed/update/urn%3Ali%3Aactivity%3A6778263789704941568
2021-03-11 21:46:13,LIKE,https://www.linkedin.com/feed/update/urn%3Ali%3Aactivity%3A6775775803209719808
2021-03-09 06:38:35,LIKE,https://www.linkedin.com/feed/update/urn%3Ali%3AgroupPost%3A690327-6774930963051941888
2020-08-23 14:02:17,LIKE,https://www.linkedin.com/feed/update/urn%3Ali%3Aactivity%3A6702910605948420097
2020-08-16 06:26:33,LIKE,https://www.linkedin.com/feed/update/urn%3Ali%3Aactivity%3A6700050076867284992
2020-08-12 14:02:42,LIKE,https://www.linkedin.com/feed/update/urn%3Ali%3Aactivity%3A6699277628932677632
2020-08-06 15:41:11,LIKE,https://www.linkedin.com/feed/update/urn%3Ali%3Aactivity%3A6697142942051786752
2020-08-05 05:04:09,LIKE,https://www.linkedin.com/feed/update/urn%3Ali%3Aactivity%3A6696635856607825920
2020-08-03 21:41:23,LIKE,https://www.linkedin.com/feed/update/urn%3Ali%3Aactivity%3A6696035973614059520
2020-08-01 05:56:24,LIKE,https://www.linkedin.com/feed/update/urn%3Ali%3Aactivity%3A6695200522653208576
2020-07-23 17:10:06,LIKE,https://www.linkedin.com/feed/update/urn%3Ali%3Aactivity%3A6691960991820869632
2020-07-03 04:46:03,LIKE,https://www.linkedin.com/feed/update/urn%3Ali%3AugcPost%3A6684491497741668352
2020-07-03 04:43:44,LIKE,https://www.linkedin.com/feed/update/urn%3Ali%3Aactivity%3A6684063615827419136
2020-06-02 05:50:49,LIKE,https://www.linkedin.com/feed/update/urn%3Ali%3Aactivity%3A6669499507325059072
2020-06-01 06:35:26,LIKE,https://www.linkedin.com/feed/update/urn%3Ali%3Aactivity%3A6670942294738259968
2020-05-25 06:15:47,LIKE,https://www.linkedin.com/feed/update/urn%3Ali%3Aactivity%3A6669497848070971392
2020-05-17 16:00:17,LIKE,https://www.linkedin.com/feed/update/urn%3Ali%3Aactivity%3A6666620334554406912
2020-05-17 16:00:12,LIKE,https://www.linkedin.com/feed/update/urn%3Ali%3AugcPost%3A6662764548493320192
2020-04-24 16:54:41,LIKE,https://www.linkedin.com/feed/update/urn%3Ali%3Aactivity%3A6655848700419674112
2020-03-15 16:50:42,LIKE,https://www.linkedin.com/feed/update/urn%3Ali%3Aactivity%3A6643174492862459904
2020-03-15 16:50:31,LIKE,https://www.linkedin.com/feed/update/urn%3Ali%3Aactivity%3A6643845925649293312
2020-02-13 16:39:23,LIKE,https://www.linkedin.com/feed/update/urn%3Ali%3Aactivity%3A6633595504389300224
2020-01-29 15:28:52,LIKE,https://www.linkedin.com/feed/update/urn%3Ali%3Aactivity%3A6628210321662189568
2019-12-22 21:39:46,LIKE,https://www.linkedin.com/feed/update/urn%3Ali%3Aactivity%3A6613338442199781376
2019-11-20 09:59:55,LIKE,https://www.linkedin.com/feed/update/urn%3Ali%3Aactivity%3A6602851199257587712
2019-11-17 17:17:27,LIKE,https://www.linkedin.com/feed/update/urn%3Ali%3Aactivity%3A6601704620601540608
2019-11-14 05:30:16,LIKE,https://www.linkedin.com/feed/update/urn%3Ali%3Aactivity%3A6600432301052567552
2019-10-16 17:02:01,LIKE,https://www.linkedin.com/feed/update/urn%3Ali%3Aactivity%3A6590223121519779840
2019-10-08 15:06:56,LIKE,https://www.linkedin.com/feed/update/urn%3Ali%3Aactivity%3A6586865858499477504
2019-10-05 08:47:53,LIKE,https://www.linkedin.com/feed/update/urn%3Ali%3Aactivity%3A6583631164957831168
2019-09-23 21:36:49,LIKE,https://www.linkedin.com/feed/update/urn%3Ali%3Aactivity%3A6581878123070009345
2019-09-23 10:00:30,LIKE,https://www.linkedin.com/feed/update/urn%3Ali%3Aactivity%3A6581821735245611008
2019-09-21 18:23:44,LIKE,https://www.linkedin.com/feed/update/urn%3Ali%3Aactivity%3A6580489620625195008
2019-09-19 10:28:18,LIKE,https://www.linkedin.com/feed/update/urn%3Ali%3Aactivity%3A6580360247326711808
2019-09-16 15:32:37,LIKE,https://www.linkedin.com/feed/update/urn%3Ali%3Aactivity%3A6579282087273201664
2019-09-08 05:56:48,LIKE,https://www.linkedin.com/feed/update/urn%3Ali%3Aactivity%3A6575999262369419264
2019-09-02 16:05:31,LIKE,https://www.linkedin.com/feed/update/urn%3Ali%3Aactivity%3A6573961381857632257
2019-08-14 08:19:53,LIKE,https://www.linkedin.com/feed/update/urn%3Ali%3Aactivity%3A6563005252386332672
2019-07-16 20:18:52,LIKE,https://www.linkedin.com/feed/update/urn%3Ali%3Aactivity%3A6556579131046273024
2019-06-17 17:18:16,LIKE,https://www.linkedin.com/feed/update/urn%3Ali%3Aactivity%3A6545156674318024704
2019-05-31 10:22:45,LIKE,https://www.linkedin.com/feed/update/urn%3Ali%3Aactivity%3A6538890271235559425
2019-05-30 20:37:38,LIKE,https://www.linkedin.com/feed/update/urn%3Ali%3Aactivity%3A6537506105478651906
2019-05-25 20:51:35,LIKE,https://www.linkedin.com/feed/update/urn%3Ali%3Aactivity%3A6537010898354098177
2019-05-25 06:41:37,LIKE,https://www.linkedin.com/feed/update/urn%3Ali%3Aactivity%3A6537606542181699584
2019-03-21 12:01:21,LIKE,https://www.linkedin.com/feed/update/urn%3Ali%3Aactivity%3A6514439110361513984
2019-03-13 21:36:51,LIKE,https://www.linkedin.com/feed/update/urn%3Ali%3Aactivity%3A6511560976138141696
2019-03-11 11:59:53,LIKE,https://www.linkedin.com/feed/update/urn%3Ali%3Aactivity%3A6510479698668199936
2019-03-11 11:58:34,LIKE,https://www.linkedin.com/feed/update/urn%3Ali%3Aactivity%3A6509738400738869248
2019-03-11 11:58:29,LIKE,https://www.linkedin.com/feed/update/urn%3Ali%3Aactivity%3A6510200588347678720
2019-02-28 20:49:24,LIKE,https://www.linkedin.com/feed/update/urn%3Ali%3Aactivity%3A6506427966019420160
2019-02-28 20:03:58,LIKE,https://www.linkedin.com/feed/update/urn%3Ali%3Aactivity%3A6506906649280737281
2019-02-25 09:49:23,LIKE,https://www.linkedin.com/feed/update/urn%3Ali%3Aactivity%3A6505396779498958848
2019-02-14 20:52:38,LIKE,https://www.linkedin.com/feed/update/urn%3Ali%3Aactivity%3A6501451715068329984
2019-02-06 06:56:20,LIKE,https://www.linkedin.com/feed/update/urn%3Ali%3Aactivity%3A6498281279262330880
2019-02-05 11:34:15,LIKE,https://www.linkedin.com/feed/update/urn%3Ali%3AugcPost%3A6498288942956187648
2019-02-05 07:43:22,LIKE,https://www.linkedin.com/feed/update/urn%3Ali%3Aactivity%3A6498409650390597632
2019-02-01 18:18:53,LIKE,https://www.linkedin.com/feed/update/urn%3Ali%3Aactivity%3A6496808081421279232
2019-01-30 21:01:22,LIKE,https://www.linkedin.com/feed/update/urn%3Ali%3Aactivity%3A6496353700339023872
2019-01-29 21:55:53,LIKE,https://www.linkedin.com/feed/update/urn%3Ali%3Aactivity%3A6495521948758470656
2019-01-29 21:53:35,LIKE,https://www.linkedin.com/feed/update/urn%3Ali%3Aactivity%3A6495569786813050880
2019-01-26 11:59:37,LIKE,https://www.linkedin.com/feed/update/urn%3Ali%3Aactivity%3A6494767610926764032
2019-01-25 16:50:29,LIKE,https://www.linkedin.com/feed/update/urn%3Ali%3Aactivity%3A6494565237868494848
2019-01-23 20:10:54,LIKE,https://www.linkedin.com/feed/update/urn%3Ali%3Aactivity%3A6493907039004168193
2019-01-21 11:17:24,LIKE,https://www.linkedin.com/feed/update/urn%3Ali%3Aactivity%3A6493072975380705280
2019-01-19 09:43:18,LIKE,https://www.linkedin.com/feed/update/urn%3Ali%3Aactivity%3A6487719278328967168
2019-01-17 11:51:41,LIKE,https://www.linkedin.com/feed/update/urn%3Ali%3Aactivity%3A6491555056565915648
2019-01-16 14:55:14,LIKE,https://www.linkedin.com/feed/update/urn%3Ali%3Aactivity%3A6491302694400118784
2019-01-16 14:54:07,LIKE,https://www.linkedin.com/feed/update/urn%3Ali%3Aactivity%3A6490892736202305536
2019-01-16 05:19:05,LIKE,https://www.linkedin.com/feed/update/urn%3Ali%3Aactivity%3A6489195075694784512
2019-01-14 09:14:15,LIKE,https://www.linkedin.com/feed/update/urn%3Ali%3AugcPost%3A6490489032345214976
2019-01-13 20:08:14,LIKE,https://www.linkedin.com/feed/update/urn%3Ali%3Aactivity%3A6490179510787407872
2019-01-13 20:08:03,LIKE,https://www.linkedin.com/feed/update/urn%3Ali%3Aarticle%3A7130755845916610955
2019-01-13 08:40:19,LIKE,https://www.linkedin.com/feed/update/urn%3Ali%3Aactivity%3A6488446685944127488
2019-01-10 21:23:33,LIKE,https://www.linkedin.com/feed/update/urn%3Ali%3Aactivity%3A6489114350702383104
2019-01-10 13:24:56,LIKE,https://www.linkedin.com/feed/update/urn%3Ali%3AugcPost%3A6488778538731347968
2019-01-10 01:43:38,LIKE,https://www.linkedin.com/feed/update/urn%3Ali%3Aactivity%3A6488826042759938048
2019-01-08 20:35:58,LIKE,https://www.linkedin.com/feed/update/urn%3Ali%3Aactivity%3A6488327860913213440
2019-01-06 08:07:17,LIKE,https://www.linkedin.com/feed/update/urn%3Ali%3Aactivity%3A6486849460398759936
2019-01-05 22:11:48,LIKE,https://www.linkedin.com/feed/update/urn%3Ali%3Aactivity%3A6487085665690357760
2019-01-04 06:08:50,LIKE,https://www.linkedin.com/feed/update/urn%3Ali%3Aactivity%3A6485186939094994944
2019-01-03 19:17:21,LIKE,https://www.linkedin.com/feed/update/urn%3Ali%3Aarticle%3A7831181873643083136
2018-12-31 09:55:56,LIKE,https://www.linkedin.com/feed/update/urn%3Ali%3Aactivity%3A6485414217708113920
2018-12-29 00:51:31,LIKE,https://www.linkedin.com/feed/update/urn%3Ali%3Aactivity%3A6478960700961226752
2018-12-23 00:05:51,LIKE,https://www.linkedin.com/feed/update/urn%3Ali%3Aarticle%3A7915056909886629457
2018-12-21 09:45:37,LIKE,https://www.linkedin.com/feed/update/urn%3Ali%3AugcPost%3A6480812720236036096
2018-12-20 03:43:41,LIKE,https://www.linkedin.com/feed/update/urn%3Ali%3Aactivity%3A6480831295520804865
2018-12-19 18:02:11,LIKE,https://www.linkedin.com/feed/update/urn%3Ali%3Aactivity%3A6480830385700765696
2018-12-17 13:16:25,LIKE,https://www.linkedin.com/feed/update/urn%3Ali%3AugcPost%3A6480103430726782976
2018-12-15 15:46:24,LIKE,https://www.linkedin.com/feed/update/urn%3Ali%3Aactivity%3A6479628277634854912
2018-12-10 10:14:55,LIKE,https://www.linkedin.com/feed/update/urn%3Ali%3Aactivity%3A6475976567934844928
2018-12-10 10:10:35,LIKE,https://www.linkedin.com/feed/update/urn%3Ali%3Aarticle%3A9022493563902572012
2018-12-09 12:27:16,LIKE,https://www.linkedin.com/feed/update/urn%3Ali%3Aactivity%3A6477074945225551872
2018-11-28 23:45:03,LIKE,https://www.linkedin.com/feed/update/urn%3Ali%3Aactivity%3A6473475146836373504
2018-11-26 12:50:36,LIKE,https://www.linkedin.com/feed/update/urn%3Ali%3AugcPost%3A6471323706185613312
2018-11-26 09:35:51,LIKE,https://www.linkedin.com/feed/update/urn%3Ali%3Aactivity%3A6472008366477705216
2018-11-19 21:02:00,LIKE,https://www.linkedin.com/feed/update/urn%3Ali%3Aactivity%3A6470285195864993792
2018-11-19 12:35:11,LIKE,https://www.linkedin.com/feed/update/urn%3Ali%3Aactivity%3A6469879632656101376
2018-11-19 12:34:56,LIKE,https://www.linkedin.com/feed/update/urn%3Ali%3Aactivity%3A6469877381128548352
2018-11-16 11:22:14,LIKE,https://www.linkedin.com/feed/update/urn%3Ali%3Aactivity%3A6469102363947995136
2018-11-15 15:26:33,LIKE,https://www.linkedin.com/feed/update/urn%3Ali%3Aactivity%3A6468724196011700224
2018-11-09 23:27:25,LIKE,https://www.linkedin.com/feed/update/urn%3Ali%3Aactivity%3A6466714265536466944
2018-11-09 21:05:25,LIKE,https://www.linkedin.com/feed/update/urn%3Ali%3Aactivity%3A6465875447509983232
2018-11-09 19:18:20,LIKE,https://www.linkedin.com/feed/update/urn%3Ali%3Aactivity%3A6466387167550672896
2018-11-08 18:53:07,LIKE,https://www.linkedin.com/feed/update/urn%3Ali%3AugcPost%3A6466106525541761024
2018-11-07 07:27:22,LIKE,https://www.linkedin.com/feed/update/urn%3Ali%3Aactivity%3A6465666361724006400
2018-11-06 18:54:58,LIKE,https://www.linkedin.com/feed/update/urn%3Ali%3Aactivity%3A6465577120327311360
2018-11-06 18:41:25,LIKE,https://www.linkedin.com/feed/update/urn%3Ali%3Aactivity%3A6465397327900266496
2018-11-05 13:01:46,LIKE,https://www.linkedin.com/feed/update/urn%3Ali%3Aarticle%3A7530706751647652443
2018-11-05 11:14:10,LIKE,https://www.linkedin.com/feed/update/urn%3Ali%3Aarticle%3A7076005371300743400
2018-11-05 10:56:42,LIKE,https://www.linkedin.com/feed/update/urn%3Ali%3AugcPost%3A6463909159657185280
2018-11-04 22:12:43,LIKE,https://www.linkedin.com/feed/update/urn%3Ali%3Aactivity%3A6464431075799109632
2018-11-02 04:54:13,LIKE,https://www.linkedin.com/feed/update/urn%3Ali%3Aactivity%3A6463716405119320064
2018-11-01 19:51:14,LIKE,https://www.linkedin.com/feed/update/urn%3Ali%3Aactivity%3A6463740078836584448
2018-10-29 19:48:57,LIKE,https://www.linkedin.com/feed/update/urn%3Ali%3Aactivity%3A6462433918242025472
2018-10-24 06:26:44,LIKE,https://www.linkedin.com/feed/update/urn%3Ali%3Aactivity%3A6460693347693535232
2018-10-24 00:20:25,LIKE,https://www.linkedin.com/feed/update/urn%3Ali%3Aarticle%3A7320939644353288966
2018-10-23 19:37:10,LIKE,https://www.linkedin.com/feed/update/urn%3Ali%3Aactivity%3A6460536896299757568
2018-10-23 06:07:12,LIKE,https://www.linkedin.com/feed/update/urn%3Ali%3Aactivity%3A6460139464982302720
2018-10-21 02:45:45,LIKE,https://www.linkedin.com/feed/update/urn%3Ali%3Aactivity%3A6458764729899843584
2018-10-21 02:45:33,LIKE,https://www.linkedin.com/feed/update/urn%3Ali%3Aarticle%3A8920646649086132292
2018-10-21 02:44:57,LIKE,https://www.linkedin.com/feed/update/urn%3Ali%3Aactivity%3A6458300791290634240
2018-10-19 10:52:59,LIKE,https://www.linkedin.com/feed/update/urn%3Ali%3Aactivity%3A6457867413575786496
2018-10-18 21:21:44,LIKE,https://www.linkedin.com/feed/update/urn%3Ali%3Aactivity%3A6458646742698070016
2018-10-16 06:43:38,LIKE,https://www.linkedin.com/feed/update/urn%3Ali%3Aactivity%3A6457035367395790848
2018-10-13 20:57:52,LIKE,https://www.linkedin.com/feed/update/urn%3Ali%3Aactivity%3A6456922247880937472
2018-10-13 14:51:00,LIKE,https://www.linkedin.com/feed/update/urn%3Ali%3Aactivity%3A6456846808151883776
2018-10-13 09:19:10,LIKE,https://www.linkedin.com/feed/update/urn%3Ali%3Aarticle%3A7251979597221582958
2018-10-13 09:16:11,LIKE,https://www.linkedin.com/feed/update/urn%3Ali%3Aactivity%3A6456441996411170816
2018-10-12 22:38:36,LIKE,https://www.linkedin.com/feed/update/urn%3Ali%3Aactivity%3A6456174875051593728
2018-10-12 17:30:46,LIKE,https://www.linkedin.com/feed/update/urn%3Ali%3Aactivity%3A6456448894720045056
2018-10-11 12:57:29,LIKE,https://www.linkedin.com/feed/update/urn%3Ali%3Aactivity%3A6455837255272587264
2018-10-11 12:56:58,LIKE,https://www.linkedin.com/feed/update/urn%3Ali%3Aactivity%3A6456071763397734400
2018-10-11 12:27:38,LIKE,https://www.linkedin.com/feed/update/urn%3Ali%3Aactivity%3A6455505882766680064
2018-10-10 22:10:42,LIKE,https://www.linkedin.com/feed/update/urn%3Ali%3Aactivity%3A6455810604828495874
2018-10-05 14:47:42,LIKE,https://www.linkedin.com/feed/update/urn%3Ali%3Aactivity%3A6453982533632696320
2018-10-04 22:54:48,LIKE,https://www.linkedin.com/feed/update/urn%3Ali%3Aactivity%3A6453207931872702464
2018-10-02 16:03:37,LIKE,https://www.linkedin.com/feed/update/urn%3Ali%3Aactivity%3A6452843141157392384
2018-10-02 16:03:24,LIKE,https://www.linkedin.com/feed/update/urn%3Ali%3Aarticle%3A6983110441277210472
2018-10-01 18:39:47,LIKE,https://www.linkedin.com/feed/update/urn%3Ali%3Aactivity%3A6452528789724413952
2018-10-01 18:39:28,LIKE,https://www.linkedin.com/feed/update/urn%3Ali%3Aactivity%3A6452302274743144448
2018-10-01 17:01:38,LIKE,https://www.linkedin.com/feed/update/urn%3Ali%3Aactivity%3A6449861624961474560
2018-09-30 12:30:13,LIKE,https://www.linkedin.com/feed/update/urn%3Ali%3Aactivity%3A6452139527816441856
2018-09-29 16:20:34,LIKE,https://www.linkedin.com/feed/update/urn%3Ali%3Aactivity%3A6451609600578908160
2018-09-28 11:01:22,LIKE,https://www.linkedin.com/feed/update/urn%3Ali%3Aarticle%3A7948839971932207448
2018-09-28 11:01:05,LIKE,https://www.linkedin.com/feed/update/urn%3Ali%3Aactivity%3A6450319136135356416
2018-09-28 11:00:16,LIKE,https://www.linkedin.com/feed/update/urn%3Ali%3AugcPost%3A6451045140432850944
2018-09-28 10:59:05,LIKE,https://www.linkedin.com/feed/update/urn%3Ali%3Aactivity%3A6450358467520655360
2018-09-28 07:56:27,LIKE,https://www.linkedin.com/feed/update/urn%3Ali%3Aactivity%3A6451066456334573568
2018-09-27 16:16:20,LIKE,https://www.linkedin.com/feed/update/urn%3Ali%3Aactivity%3A6450433625275006976
2018-09-27 16:15:59,LIKE,https://www.linkedin.com/feed/update/urn%3Ali%3Aactivity%3A6451087538659606528
2018-09-27 14:35:03,LIKE,https://www.linkedin.com/feed/update/urn%3Ali%3Aactivity%3A6451038017036578816
2018-09-25 09:07:31,LIKE,https://www.linkedin.com/feed/update/urn%3Ali%3Aactivity%3A6450196668158611456
2018-09-24 21:43:12,LIKE,https://www.linkedin.com/feed/update/urn%3Ali%3Aactivity%3A6450037332388118528
2018-09-22 19:26:28,LIKE,https://www.linkedin.com/feed/update/urn%3Ali%3Aactivity%3A6449227997743579136
2018-09-22 09:44:45,LIKE,https://www.linkedin.com/feed/update/urn%3Ali%3Aactivity%3A6448135389109583873
2018-09-13 16:03:38,LIKE,https://www.linkedin.com/feed/update/urn%3Ali%3Aactivity%3A6445950693709840384
2018-09-13 15:59:15,LIKE,https://www.linkedin.com/feed/update/urn%3Ali%3Aactivity%3A6445030851469205506
2018-09-09 18:02:03,LIKE,https://www.linkedin.com/feed/update/urn%3Ali%3Aactivity%3A6444461074719875072
2018-09-09 18:00:55,LIKE,https://www.linkedin.com/feed/update/urn%3Ali%3Aactivity%3A6444535956572774400
2018-09-08 23:26:06,LIKE,https://www.linkedin.com/feed/update/urn%3Ali%3Aactivity%3A6443777235873722368
2018-09-08 08:24:53,LIKE,https://www.linkedin.com/feed/update/urn%3Ali%3Aactivity%3A6443365313110114304
2018-09-08 08:24:40,LIKE,https://www.linkedin.com/feed/update/urn%3Ali%3Aactivity%3A6443951021155708928
2018-09-08 08:24:31,LIKE,https://www.linkedin.com/feed/update/urn%3Ali%3Aactivity%3A6444003721000157184
2018-09-07 12:02:15,LIKE,https://www.linkedin.com/feed/update/urn%3Ali%3Aarticle%3A7872160449002848837
2018-08-30 07:11:35,LIKE,https://www.linkedin.com/feed/update/urn%3Ali%3Aactivity%3A6439745886326177792
2018-08-21 13:18:26,LIKE,https://www.linkedin.com/feed/update/urn%3Ali%3Aactivity%3A6435650273405870080
2018-08-21 12:54:49,LIKE,https://www.linkedin.com/feed/update/urn%3Ali%3Aarticle%3A7479415977345623589
2018-07-10 20:13:59,LIKE,https://www.linkedin.com/feed/update/urn%3Ali%3Aactivity%3A6420209709214638080
2018-07-08 15:52:37,LIKE,https://www.linkedin.com/feed/update/urn%3Ali%3Aactivity%3A6421468169512329216
2018-07-08 14:41:22,LIKE,https://www.linkedin.com/feed/update/urn%3Ali%3Aactivity%3A6421725670451212288
2018-07-07 14:24:18,LIKE,https://www.linkedin.com/feed/update/urn%3Ali%3Aactivity%3A6421355049838088192
2018-07-06 10:36:57,LIKE,https://www.linkedin.com/feed/update/urn%3Ali%3Aactivity%3A6420730694418329600
2018-07-06 10:33:33,LIKE,https://www.linkedin.com/feed/update/urn%3Ali%3Aactivity%3A6420563211980013568
2018-06-24 01:16:23,LIKE,https://www.linkedin.com/feed/update/urn%3Ali%3Aactivity%3A6416316614161022976
2018-06-24 00:05:17,LIKE,https://www.linkedin.com/feed/update/urn%3Ali%3Aactivity%3A6410083407811866624
2018-06-20 09:01:52,LIKE,https://www.linkedin.com/feed/update/urn%3Ali%3Aactivity%3A6414734715168915456
2018-06-19 19:56:03,LIKE,https://www.linkedin.com/feed/update/urn%3Ali%3Aactivity%3A6414166761406504960
2018-06-18 19:46:46,LIKE,https://www.linkedin.com/feed/update/urn%3Ali%3Aactivity%3A6413478847823568896
2018-06-18 19:42:18,LIKE,https://www.linkedin.com/feed/update/urn%3Ali%3Aactivity%3A6414193030999339008
2018-06-18 19:41:52,LIKE,https://www.linkedin.com/feed/update/urn%3Ali%3Aactivity%3A6414461832618131456
2018-06-16 23:51:12,LIKE,https://www.linkedin.com/feed/update/urn%3Ali%3Aactivity%3A6413120555075100672
2018-06-16 20:41:19,LIKE,https://www.linkedin.com/feed/update/urn%3Ali%3Aactivity%3A6413388218980540416
2018-06-16 10:03:45,LIKE,https://www.linkedin.com/feed/update/urn%3Ali%3Aactivity%3A6413668874813743104
2018-06-16 02:10:14,LIKE,https://www.linkedin.com/feed/update/urn%3Ali%3Aactivity%3A6413398218016727040
2018-06-14 09:42:33,LIKE,https://www.linkedin.com/feed/update/urn%3Ali%3Aactivity%3A6412187923818508288
2018-06-13 17:41:52,LIKE,https://www.linkedin.com/feed/update/urn%3Ali%3AgroupPost%3A2750458-6411878775293911043
2018-06-13 15:34:22,LIKE,https://www.linkedin.com/feed/update/urn%3Ali%3Aactivity%3A6412557715868045312
2018-06-13 10:39:46,LIKE,https://www.linkedin.com/feed/update/urn%3Ali%3Aactivity%3A6412220947725631488
2018-06-13 09:28:39,LIKE,https://www.linkedin.com/feed/update/urn%3Ali%3AgroupPost%3A690327-6411825390502936579
2018-06-13 09:28:29,LIKE,https://www.linkedin.com/feed/update/urn%3Ali%3Aactivity%3A6412397187107418112
2018-06-13 09:28:22,LIKE,https://www.linkedin.com/feed/update/urn%3Ali%3Aactivity%3A6412362942515281920
2018-06-12 09:27:02,LIKE,https://www.linkedin.com/feed/update/urn%3Ali%3AugcPost%3A6412186384022458368
2018-06-11 11:47:42,LIKE,https://www.linkedin.com/feed/update/urn%3Ali%3Aactivity%3A6410252597160222720
2018-06-11 11:47:19,LIKE,https://www.linkedin.com/feed/update/urn%3Ali%3Aactivity%3A6411678910366441472
2018-06-11 08:42:44,LIKE,https://www.linkedin.com/feed/update/urn%3Ali%3Aactivity%3A6410775825171439616
2018-06-11 08:42:27,LIKE,https://www.linkedin.com/feed/update/urn%3Ali%3AugcPost%3A6411822552007667712
2018-06-11 08:40:18,LIKE,https://www.linkedin.com/feed/update/urn%3Ali%3Aactivity%3A6411586152683307010
2018-06-10 19:58:07,LIKE,https://www.linkedin.com/feed/update/urn%3Ali%3Aactivity%3A6411587774171869184
2018-06-07 13:13:47,LIKE,https://www.linkedin.com/feed/update/urn%3Ali%3Aactivity%3A6409924674855198720
2018-06-07 13:13:42,LIKE,https://www.linkedin.com/feed/update/urn%3Ali%3AgroupPost%3A1691777-6410012432646934532
2018-02-17 06:42:09,LIKE,https://www.linkedin.com/feed/update/urn%3Ali%3Aactivity%3A6369788307286564864
2018-01-10 08:35:19,LIKE,https://www.linkedin.com/feed/update/urn%3Ali%3Aactivity%3A6356532493256101888
2017-11-22 17:15:02,LIKE,https://www.linkedin.com/feed/update/urn%3Ali%3Aactivity%3A6338119621253693440
2017-11-22 13:41:58,LIKE,https://www.linkedin.com/feed/update/urn%3Ali%3Aactivity%3A6337188357147238400
2017-10-25 00:14:31,LIKE,https://www.linkedin.com/feed/update/urn%3Ali%3Aactivity%3A6328492890670661633
2017-10-18 06:48:05,LIKE,https://www.linkedin.com/feed/update/urn%3Ali%3Aactivity%3A6326267529362841600
2017-10-16 07:11:53,LIKE,https://www.linkedin.com/feed/update/urn%3Ali%3Aactivity%3A6319791409343926272
2017-10-03 10:47:23,LIKE,https://www.linkedin.com/feed/update/urn%3Ali%3Aactivity%3A6319541055071014913
2017-09-30 07:40:18,LIKE,https://www.linkedin.com/feed/update/urn%3Ali%3Aactivity%3A6316237967140618240
2017-09-29 06:23:56,LIKE,https://www.linkedin.com/feed/update/urn%3Ali%3Aactivity%3A6318980395073400832
2017-09-28 19:11:50,LIKE,https://www.linkedin.com/feed/update/urn%3Ali%3Aactivity%3A6318755065112993792
2017-08-05 20:28:10,LIKE,https://www.linkedin.com/feed/update/urn%3Ali%3Aactivity%3A6299518819358646272
2017-08-05 01:28:48,LIKE,https://www.linkedin.com/feed/update/urn%3Ali%3Aactivity%3A6299186450185486336
2017-08-05 01:27:48,LIKE,https://www.linkedin.com/feed/update/urn%3Ali%3Aactivity%3A6298558833547714560
2017-08-05 01:27:17,LIKE,https://www.linkedin.com/feed/update/urn%3Ali%3Aactivity%3A6297477240804511744
2017-07-18 19:16:18,LIKE,https://www.linkedin.com/feed/update/urn%3Ali%3Aactivity%3A6291498912884891648
2017-07-18 09:00:11,LIKE,https://www.linkedin.com/feed/update/urn%3Ali%3Aactivity%3A6292774912578850816
2017-07-12 11:44:11,LIKE,https://www.linkedin.com/feed/update/urn%3Ali%3Aactivity%3A6288273512025194496
2017-07-12 11:43:45,LIKE,https://www.linkedin.com/feed/update/urn%3Ali%3Aactivity%3A6290797592037195776
2017-07-05 13:24:54,LIKE,https://www.linkedin.com/feed/update/urn%3Ali%3Aactivity%3A6288249860617572352
2017-07-04 03:15:04,LIKE,https://www.linkedin.com/feed/update/urn%3Ali%3Aactivity%3A6277959174659940352
2017-06-27 15:41:36,LIKE,https://www.linkedin.com/feed/update/urn%3Ali%3Aactivity%3A6285451496192503808
2017-06-27 04:51:49,LIKE,https://www.linkedin.com/feed/update/urn%3Ali%3Aarticle%3A8589609252184061551
2017-06-27 04:49:18,LIKE,https://www.linkedin.com/feed/update/urn%3Ali%3Aactivity%3A6285179048733868033
2017-06-26 12:59:34,LIKE,https://www.linkedin.com/feed/update/urn%3Ali%3Aactivity%3A6284867902483107840
2017-06-26 09:23:12,LIKE,https://www.linkedin.com/feed/update/urn%3Ali%3Aactivity%3A6284451892097622016
2017-06-26 05:02:31,LIKE,https://www.linkedin.com/feed/update/urn%3Ali%3Aactivity%3A6284287805946494976
2017-06-26 05:01:49,LIKE,https://www.linkedin.com/feed/update/urn%3Ali%3Aarticle%3A7514946648951623859
2017-03-17 00:04:02,LIKE,https://www.linkedin.com/feed/update/urn%3Ali%3Aactivity%3A6247392273240330240
2017-03-17 00:03:53,LIKE,https://www.linkedin.com/feed/update/urn%3Ali%3Aactivity%3A6248122430926262272
2017-02-23 12:18:19,LIKE,https://www.linkedin.com/feed/update/urn%3Ali%3Aactivity%3A6240104455111614465
2017-01-12 07:38:07,LIKE,https://www.linkedin.com/feed/update/urn%3Ali%3Aactivity%3A6224873373453873152
2016-12-14 06:03:00,LIKE,https://www.linkedin.com/feed/update/urn%3Ali%3Aactivity%3A6214084305061314560
2014-04-18 04:42:33,LIKE,https://www.linkedin.com/feed/update/urn%3Ali%3Aactivity%3A5850240093284999168
