savedItem,CreatedTime
https://www.linkedin.com/feed/update/urn:li:activity:6800391019213922304,2021-05-18 18:10:26
https://www.linkedin.com/feed/update/urn:li:activity:6780110664489861120,2021-04-06 06:18:09
https://www.linkedin.com/feed/update/urn:li:activity:6772003693123424256,2021-03-02 11:03:11
https://www.linkedin.com/feed/update/urn:li:activity:6769670339719909376,2021-02-23 21:15:43
https://www.linkedin.com/feed/update/urn:li:activity:6600027589782446080,2020-01-21 01:44:45
https://www.linkedin.com/feed/update/urn:li:article:7217734763713111965,2019-02-18 06:04:47
https://www.linkedin.com/feed/update/urn:li:activity:7449342435345809408,2026-04-13 08:44:24
https://www.linkedin.com/feed/update/urn:li:activity:7425818393166950401,2026-02-07 13:22:32
https://www.linkedin.com/feed/update/urn:li:activity:7422135417753206784,2026-01-30 19:46:09
https://www.linkedin.com/feed/update/urn:li:activity:7408488533864181761,2026-01-06 23:08:43
https://www.linkedin.com/feed/update/urn:li:activity:7400259873088872448,2025-12-23 22:05:44
https://www.linkedin.com/feed/update/urn:li:activity:7404803428138479616,2025-12-15 11:27:41
https://www.linkedin.com/feed/update/urn:li:activity:7399733472195690496,2025-11-29 18:51:57
https://www.linkedin.com/feed/update/urn:li:activity:7389214852617216001,2025-10-29 17:44:56
https://www.linkedin.com/feed/update/urn:li:activity:7305220257760108545,2025-03-18 12:58:49
https://www.linkedin.com/feed/update/urn:li:activity:7124639889911930880,2023-10-30 06:39:13
