Date,ShareLink,ShareCommentary,SharedUrl,MediaUrl,Visibility
2024-08-20 20:00:59,https://www.linkedin.com/feed/update/urn%3Ali%3Ashare%3A7231752096729972737,"The integration of farm data, such as input costs, weather patterns, and soil health metrics, is revolutionizing real-time decision-making in agriculture. By consolidating these data points through digital platforms, farmers can optimize their operations, reduce inefficiencies, and respond promptly to environmental changes. The shift towards digital communication platforms is particularly relevant in the context of modern agriculture, where timely, data-driven insights are crucial for maximizing yields and profitability.""
""This alignment with modernized farming practices highlights the vital role of integrated digital systems in shaping a resilient and prosperous agricultural future.","","",MEMBER_NETWORK
2021-07-01 05:43:06,https://www.linkedin.com/feed/update/urn%3Ali%3Ashare%3A6816239707903545344,https://lnkd.in/dee68ht,"","",MEMBER_NETWORK
2019-06-26 16:19:53,https://www.linkedin.com/feed/update/urn%3Ali%3Ashare%3A6549682494558605312,#Durbanjuly #thefirepitsa #localbusiness #firecuisine,"","",MEMBER_NETWORK
2019-03-18 13:07:29,https://www.linkedin.com/feed/update/urn%3Ali%3Ashare%3A6513395285560041472,https://lnkd.in/gh9Fu7Z,"","",MEMBER_NETWORK
2019-02-27 17:10:41,https://www.linkedin.com/feed/update/urn%3Ali%3Ashare%3A6506571120735584256,Found it very interesting what people can achieve if they work together,https://www.youtube.com/attribution_link?a=279HIjaIDJI&u=%2Fwatch%3Fv%3DV9DVKJua_Z8%26feature%3Dshare,"",MEMBER_NETWORK
2019-02-27 17:10:41,https://www.linkedin.com/feed/update/urn%3Ali%3Ashare%3A6506571120735584256,Found it very interesting what people can achieve if they work together,https://www.youtube.com/attribution_link?a=279HIjaIDJI&u=%2Fwatch%3Fv%3DV9DVKJua_Z8%26feature%3Dshare,https://media.licdn.com/media-proxy/ext?w=1280&h=720&f=n&hash=4yNpJb08ugVvdLK0IwrCy3T%2BBzg%3D&ora=1%2CaFBCTXdkRmpGL2lvQUFBPQ%2CxAVta5g-0R6j3QIOyxEmrq2OoACm7QhxHKbqKUrkCkrA8srdMT-rLISLLOTw4QFSZnZBxw,MEMBER_NETWORK
2019-02-06 06:51:09,https://www.linkedin.com/feed/update/urn%3Ali%3Ashare%3A6498805064369610752,"Agro processing plays an important role in the development of rural communities, Khathom Agriculture is honoured to be apart of the transferring of the skills to communities, and to have been part of creating these 2 products""
""""
"" # #ruralcommunities #khathomagriculture #agriculturaldevelopment","","",MEMBER_NETWORK
2019-01-26 12:00:08,https://www.linkedin.com/feed/update/urn%3Ali%3Ashare%3A6494896555890479104,"","","",MEMBER_NETWORK
2019-01-22 10:33:55,https://www.linkedin.com/feed/update/urn%3Ali%3AugcPost%3A6493425308929261568,This is why constant evaluation and monitoring during is so important when transferring skills and knowledge to people in the work place and development projects #business #skillsdevelopment #developments #industrialization #evaluations #transferableskills #khathomagriculture,"","",MEMBER_NETWORK
2019-01-17 19:59:09,https://www.linkedin.com/feed/update/urn%3Ali%3AugcPost%3A6491755614358904832,Totally agree with this I get asked advice by so many people but they never really follow through on what they want to do,"","",MEMBER_NETWORK
2019-01-14 12:29:03,https://www.linkedin.com/feed/update/urn%3Ali%3Ashare%3A6490555181518979073,"I`ve been doing a lot of reading on the 4th industrial revolution and how it will affect the South African Agricultural sector and South Africa as a whole""
""""
""https://lnkd.in/gf7SAR5 #agriculture #business #developments #currentaffairs #industrialization #agriculturaldevelopment #khathomagriculture","","",MEMBER_NETWORK
2019-01-10 13:22:45,https://www.linkedin.com/feed/update/urn%3Ali%3AugcPost%3A6489119142417960960,Lets make this kid famous,"","",MEMBER_NETWORK
2019-01-10 04:58:04,https://www.linkedin.com/feed/update/urn%3Ali%3Ashare%3A6488992134312660992,Khathom Agriculture is officially back in action and on your airwaves so catch me on Inanda FM this afternoon at 14:10 pm on the business class for all your local and international agricultural sector current affairs #business #agriculture #localization #currentaffairs #internalization #developments #agriculturaldevelopment,"","",MEMBER_NETWORK
2019-01-09 13:31:05,https://www.linkedin.com/feed/update/urn%3Ali%3AugcPost%3A6488758851192659968,#creativework,"","",MEMBER_NETWORK
2019-01-05 12:53:59,https://www.linkedin.com/feed/update/urn%3Ali%3Ashare%3A6487299962907561984,https://lnkd.in/gGmy8y7,"","",MEMBER_NETWORK
2019-01-03 08:10:35,https://www.linkedin.com/feed/update/urn%3Ali%3Ashare%3A6486503866736214016,"","","",MEMBER_NETWORK
2018-12-21 09:47:12,https://www.linkedin.com/feed/update/urn%3Ali%3AugcPost%3A6481817141141217280,"We need more of these types of conversations and experiments in the country. Possibly one the most effective ways to get to know each other and stop judging each other.""
""","","",MEMBER_NETWORK
